AZ,AZ-07,University Of Arizona,80NSSC19M0241 Modification P00012,NSSC - NASA Shared Services Center,"TUCSON, AZ (District 07)",11/28/2023,12/31/2023, Cooperative Agreement,"Educational - 1862 Land Grant College, Educational Institution, State Controlled Institution of Higher Learning, State Government, US Government Entity","$60,641",$0,[None Indicated],,N/A,N/A,"Successor award to cooperative agreement nnx17ak78a for support for the chemin mineralogical instrument during the Mars Science Laboratory msl11 mission  phase II experiment planning, data analysis and mission operations"
AZ,AZ-07,University Of Arizona,80NSSC19M0241 Modification P00013,NSSC - NASA Shared Services Center,"TUCSON, AZ (District 07)",01/23/2024,12/31/2023, Cooperative Agreement,"Educational - 1862 Land Grant College, Educational Institution, State Controlled Institution of Higher Learning, State Government, US Government Entity","$62,432",$0,[None Indicated],,N/A,N/A,"Successor award to cooperative agreement nnx17ak78a for support for the chemin mineralogical instrument during the Mars Science Laboratory MSL 11 mission  phase II experiment planning, data analysis and mission operations"
AZ,AZ-07,University Of Arizona,80NSSC24M0082 Modification 0 (Base Record),NSSC - NASA Shared Services Center,"TUCSON, AZ (District 07)",04/29/2024,03/31/2026, Cooperative Agreement,"Educational - 1862 Land Grant College, Educational Institution, Hispanic Servicing Institution, State Controlled Institution of Higher Learning, State Government, US Government Entity","$78,080","$1,003,829",[None Indicated],,N/A,N/A,"Successor award to cooperative agreement 80nssc19m0241 for support for the chemin mineralogical instrument during the Mars Science Laboratory MSL 11 mission  phase v experiment planning, data analysis and mission operations"
AZ,AZ-07,University Of Arizona,80NSSC19M0241 Modification P00014,NSSC - NASA Shared Services Center,"TUCSON, AZ (District 07)",05/16/2024,06/30/2024, Cooperative Agreement,"Educational - 1862 Land Grant College, Educational Institution, State Controlled Institution of Higher Learning, State Government, US Government Entity",$0,$0,[None Indicated],,N/A,N/A,"Successor award to cooperative agreement nnx17ak78a for support for the chemin mineralogical instrument during the Mars Science Laboratory MSL 11 mission  phase II experiment planning, data analysis and mission operations"
AZ,AZ-02,Northern Arizona University,80NSSC22K0732 Modification P00004,NSSC - NASA Shared Services Center,"FLAGSTAFF, AZ (District 02)",09/19/2024,04/14/2025,"Grant, Grant For Research","Educational - Educational Institution, Hispanic Servicing Institution, School Of Forestry, State Controlled Institution of Higher Learning, State Government, US Government Entity","$54,549",$0,[None Indicated],,N/A,N/A,"21-mslpsp21_2-0062, from rover to orbit: linking in situ thermophysical observations to regional geology and habitability"
AZ,AZ-04,Arizona State University,80NSSC22K0770 Modification P00004,NSSC - NASA Shared Services Center,"TEMPE, AZ (District 04)",09/19/2024,04/14/2025,"Grant, Grant For Research","Educational - Educational Institution, State Controlled Institution of Higher Learning, State Government, US Government Entity","$47,348",$0,[None Indicated],,N/A,N/A,Our proposed research has three primary objectives: (1) to participate in Mars Science Laboratory (MSL) curiosity rover operations and provide tactical science results from the DYNAMIC albedo of neutrons (dan) instrument to the wider MSL science team. we will
CA,CA-16,Seti Institute,80NSSC20K1095 Modification P00004,NSSC - NASA Shared Services Center,"MOUNTAIN VIEW, CA (District 16)",08/09/2024,07/31/2025,"Grant, Grant For Research","Non-Profit Institutions - Corporate Entity Tax Exempt, Nonprofit Organization",$0,$0,[None Indicated],,N/A,N/A,"The chemin x-ray diffraction (xrd) instrument, successfully deployed on Mars Science Laboratory (MSL) for more than 7 years, established the quantitative mineralogy of the mars soil, characterized the FIRST habitable environment on another planet, revealed in-situ evidence of martian silicic volcanism, documented the dessication and oxidation of the environment in gale crater during hesperian time, established an upper limit for co2 in the early mars atmosphere, and provided ground truth for orbital measurements."
IL,IL-01,"University Of Chicago, The",80NSSC22K0731 Modification P00004,NSSC - NASA Shared Services Center,"CHICAGO, IL (District 01)",04/26/2024,04/15/2025,"Grant, Grant For Research","Educational - Corporate Entity Tax Exempt, Educational Institution, Nonprofit Organization, Private University Or College","$24,000",$0,[None Indicated],,N/A,N/A,"Mars Science Laboratory (MSL) has ed that gale was once a habitable environment, with flowing water. however, basic unknowns remain, and the Announcement of Opportunity (AO) for this PSP  prioritize[s] through this program element [investigations] that leverage expertise in hydrology to link"
IL,IL-01,"University Of Chicago, The",80NSSC22K0731 Modification P00005,NSSC - NASA Shared Services Center,"CHICAGO, IL (District 01)",09/09/2024,04/15/2025,"Grant, Grant For Research","Educational - Corporate Entity Tax Exempt, Educational Institution, Nonprofit Organization, Private University Or College","$30,385",$0,[None Indicated],,N/A,N/A,"Mars Science Laboratory (MSL) has ed that gale was once a habitable environment, with flowing water. however, basic unknowns remain, and the Announcement of Opportunity (AO) for this PSP  prioritize[s] through this program element [investigations] that leverage expertise in hydrology to link"
MD,MD-07,"Johns Hopkins University, The",80NSSC19K0415 Modification P00005,NSSC - NASA Shared Services Center,"BALTIMORE, MD (District 07)",01/11/2024,03/31/2023,"Grant, Grant For Research","Educational - Corporate Entity Tax Exempt, Educational Institution, Nonprofit Organization, Private University Or College",$-745,$-745,[None Indicated],,N/A,N/A,"Johnson et AL. (2015) demonstrated that the MSL chemcam spectrometers exhibit sufficient radiometric sensitivity in the 400-840 nm region to allow collection of surface spectral reflectance in passive mode,"
MD,MD-07,"Johns Hopkins University, The",80NSSC22K0779 Modification P00004,NSSC - NASA Shared Services Center,"BALTIMORE, MD (District 07)",02/29/2024,04/28/2025,"Grant, Grant For Research","Educational - Corporate Entity Tax Exempt, Educational Institution, Nonprofit Organization, Private University Or College","$43,387",$0,[None Indicated],,N/A,N/A,Compositional and photometric studies along the MSL traverse
MD,MD-07,"Johns Hopkins University, The",80NSSC22K0779 Modification P00005,NSSC - NASA Shared Services Center,"BALTIMORE, MD (District 07)",05/29/2024,04/28/2025,"Grant, Grant For Research","Educational - Corporate Entity Tax Exempt, Educational Institution, Nonprofit Organization, Private University Or College","$43,388",$0,[None Indicated],,N/A,N/A,Compositional and photometric studies along the MSL traverse
MD,MD-07,"Johns Hopkins University, The",80NSSC22K0779 Modification P00006,NSSC - NASA Shared Services Center,"BALTIMORE, MD (District 07)",09/17/2024,04/28/2025,"Grant, Grant For Research","Educational - Corporate Entity Tax Exempt, Educational Institution, Nonprofit Organization, Private University Or College","$62,570",$-1,[None Indicated],,N/A,N/A,Eo14042 compositional and photometric studies along the MSL traverse
NH,NH-01,University System Of New Hampshire,80NSSC19K0914 Modification P00007,NSSC - NASA Shared Services Center,"DURHAM, NH (District 01)",07/01/2024,06/30/2025,"Grant, Grant For Research","Educational - 1862 Land Grant College, Corporate Entity Tax Exempt, Educational Institution, Nonprofit Organization",$0,$0,[None Indicated],,N/A,N/A,"The proposed research investigates the evolution and interaction of transients AS well AS their effects on galactic cosmic rays (gcrs) in the inner heliosphere. we leverage many years of Spacecraft observations from NASA missions at different heliocentric distances from mercury to mars to study the evolution of interplanetary Coronal Mass Ejections (icmes) and small flux ropes (sfrs), and their interaction with each other, with corotating interaction regions (cirs), and with the heliospheric current sheet (hcs)/plasma sheet (hps). we use observations from messenger at mercury, venus EXPRESS (vex) at venus, wind/ACE/STEREO/LRO NEAR 1 AU, and MAVEN/MSL at mars, spanning heliocentric distances from 0.3 to 1.7 AU."
NY,NY-01,"Research Foundation For The State University Of New York, The",80NSSC22K0649 Modification P00004,NSSC - NASA Shared Services Center,"STONY BROOK, NY (District 01)",09/18/2024,03/31/2025,"Grant, Grant For Research","Non-Profit Institutions - Corporate Entity Tax Exempt, Nonprofit Organization","$149,352",$0,[None Indicated],,N/A,N/A,"The bulk physical properties (grain size, porosity, density) of rocks are strongly influenced BY depositional process, burial depth, and alteration. therefore, constraints on physical properties are important for interpreting the depositional and diagenetic history of strata within the floor and central mound of gale crater. the formation and diagenetic history of strata, in turn, are key to assessing the duration and characteristics of habitable conditions and the fate of any biogenic molecules that may have formed. the objective of the proposed investigation is to estimate bulk density and porosity of outcrops traversed BY the curiosity rover from rems ground temperature sensor (gts)-derived thermal inertia and use this information to help evaluate hypotheses for the depositional and diagenetic history of strata in aeolis mons. FIRST, a thermal model will be used to derive thermal inertia values for outcrops from gts diurnal surface temperature measurements. image-based estimates of sediment cover will help to further refine the models. next, outcrop thermal inertia values will be compared with laboratory thermal inertia measurements of rocks of known bulk density, porosity and composition, permitting estimates of outcrop bulk density and porosity. these values will then be used to evaluate hypotheses for deposition and diagenesis, with a major focus on the mg-sulfate units. for example, if sulfates occur AS porefilling, cementing materials, indicative of authigenesis and interaction with fluids in gale crater, a low porosity and higher bulk density would be expected, consistent with well-cemented sandstones on earth. porosity and bulk density would also be expected to vary with sulfate concentration. if the sulfates instead manifest AS locally re-worked, airfall, or transported materials, a higher porosity consistent with terrestrial loess or weakly-cemented mudstones or sandstones would be expected, with no correlation between porosity and sulfate abundance. for select targets sampled BY chemin, laboratory thermal inertia measurements of simulated targets will be acquired, created BY synthesizing mineral and amorphous mixtures and compacting them under varying pressures. this dataset will provide a direct comparison to the gts-derived thermal inertia values for additional constraints on porosity and bulk density. the proposed investigation provides complementary physical property information to that derived from the powder acquisition drill system (pads) and rover accelerometer data because ti-based estimates fall at an intermediate spatial scale and depth sensitivity between these two methods. the investigation will aid in  characterizing the geological features contributing to deciphering geological history and the processes that have formed or modified bedrock and regolith, with emphasis on the role of water  (MSL science objective), and therefore is relevant to this call for proposals. hourly gts observations are systematically acquired BY curiosity, however, our participation in daily and long-term planning will ensure that optimal observations needed for the robust rock ti estimates are achieved."
PA,PA-01,"Orbit Advanced Technologies, Inc.",80GRC021CA012 Modification P00007,GRC - Glenn Research Center,"WARMINSTER, PA (District 01)",11/27/2023,03/29/2024,"Definitive Contract, Firm Fixed Price","Small Business ONLY - Corporate Entity Not Tax Exempt, Foreign Owned And Located, For Profit Organization",$0,$0,334515,,80GRC020MSLSTE,N/A,Specialized antenna metrology equipment to outfit the NEAR field and compact ranges
PA,PA-01,"Orbit Advanced Technologies, Inc.",80GRC021CA012 Modification P00008,GRC - Glenn Research Center,"WARMINSTER, PA (District 01)",03/29/2024,08/31/2024,"Definitive Contract, Firm Fixed Price","Small Business ONLY - Corporate Entity Not Tax Exempt, Foreign Owned And Located, For Profit Organization",$0,$0,334515,,80GRC020MSLSTE,N/A,Specialized antenna metrology equipment to outfit the NEAR field and compact ranges
