Year,State,District,Contractor,Contract/Mod Number,NASA Center,Place of Performance,Award Date,Completion Date,Award Type,Contractor Type - Indicators,Obligations,Change in Award Value,NAICS Code,TAS Code,Solicitation ID,Solicitation POC,Description
2025,CO,CO-02,"Regents Of The University Of Colorado, The",80GSFC18C0061 Modification P00032,GSFC - Goddard Space Flight Center,"BOULDER, CO (District 02)",06/09/2025,04/30/2026,"Definitive Contract, Cost No Fee","Educational - Educational Institution, State Controlled Institution of Higher Learning, State Government, US Government Entity","$400,000",$0,541720,,80GSFC18R0028,,"Global-scale Observations of the Limb and Disk (GOLD) mission..the contractor shall provide the personnel, materials, equipment, and facilities necessary to accomplish the GOLD mission AS described in the GOLD concept study report. the contractor shall provide reports, reviews, and documentation for all aspects of the program. the contractor shall manage the activities of the science team.  the contractor shall maintain the GOLD science data center (SDC) at UCF, and shall perform data reduction and analysis for three years after the completion of commissioning the GOLD instrument. the contractor shall present the scientific results in presentations and published papers, and provide raw data and data products for archiving to an approved data archive.  the contractor is responsible for algorithm development and science planning and analysis of mission data and the publication of results..the GOLD project shall follow the guidelines of a Mission of Opportunity and the GOLD contract. the GOLD Principal Investigator (PI) shall have sole responsibility for the successful completion of this project. the PI shall delegate project management tasks to the project manager (PM) AS appropriate. the PM shall direct the GOLD project and have the responsibility for overall technical performance and resource management of the contract and all subcontracts. the PI/PM shall be the focal point for all contact with the government. the PM and staff shall support the PI AS required including the scheduling and coordinating of meetings and reviews, schedule control and reporting, financial control and reporting, subcontract management, configuration management and documentation, progress reports and reviews AS well AS all anomaly reporting activities."
2025,VA,VA-11,"Fibertek, Inc.",80LARC25PA004 Modification 0 (Base Record),LaRC - Langley Research Center,"HERNDON, VA (District 11)",05/08/2025,08/31/2025,"Purchase Order, Firm Fixed Price","Other Than Small Business - Corporate Entity Not Tax Exempt, For Profit Organization, Manufacturer Of Goods, Subchapter S Corporation","$25,539","$25,539",541715,,80LARC3132025Q,,Assessment of the GOLD laser unit and diagnose the failed electrical subsystems.
2025,CO,CO-02,"Regents Of The University Of Colorado, The",80NSSC18M0147 Modification P00007,NSSC - NASA Shared Services Center,"BOULDER, CO (District 02)",12/20/2024,12/31/2023, Cooperative Agreement,"Educational - Educational Institution, State Controlled Institution of Higher Learning, State Government, US Government Entity",$-5,$-5,[None Indicated],,,,"Turbulence evolves through highly nonlinear interaction of a broad spectrum of spatial and temporal scales. researchers have developed computational techniques to resolve all, some, or none of these scales and have developed turbulence models to capture the unresolved effects on the resolved scales or the mean flow field. resolving all (direct numerical simulation or dns), while most accurate, CAN require the largest supercomputer for months for relatively simple flows but is the GOLD standard for scale-resolving simulations (srs). modeling all (reynolds-averaged navier-stokes or rans) CAN give results on complicated flows in hours but the prediction has low confidence for important flows like separation from smooth surfaces. intermediate models (e.g., large eddy simulation (les) or detached eddy simulation (des)) resolve larger scales and provide intermediate accuracy and cost. for too long, researchers have pitched a particular model in this spectrum AS the key to improved engineering prediction. this proposal seeks to apply simulations across the entire modeling/resolving spectrum to systematically identify modeling successes and failures. rather than promote a single class of models, each lower fidelity model will be assessed with the next higher fidelity model under matched flow conditions. while the idea of using statistics, budgets, and a priori tests from higher fidelity models to identify failures and improvements to lower fidelity models is not new, the effort proposed herein builds strongly on this prior work together with dramatic advances in massively parallel cfd to apply this approach across an unprecedented range of reynolds numbers, srs models, coordinated flow problems, and boundary conditions. specifically, this work will study an extrusion of a bump profile that matches the centerline coefficient of pressure from a recently started joint computational/experimental study at boeing. BY resolving the wall layer at dns resolution over momentum thickness reynolds numbers ranging from   the tunnel speed (2130), the full tunnel speed (4260), and then up to 25,700 (using dns NEAR the wall and les away from it), wall models for les CAN be tested in a 12-fold rise in reynolds numbers in a combination of zero, favorable, and adverse pressure gradients that occur in rapid succession and result in separation. these conditions replicate the most challenging separated flows on high-lift wing configurations. using these three databases, models will be assessed using a priori and a posteriori closure modeling tests, improved, and then validated on a series of increasingly complex models, including, at the end, application of the improved srs models to high-lift wing configurations. the proposed effort is significant to NASA due to its strong potential to improve both srs models and ultimately rans models. this is important because without improving rans modeling, hybrid models that hold the greatest promise for srs methods will not achieve their full potential."
2024,VA,VA-08,National Society Of Black Engineers,80NSSC18P3498 Modification P00001,NSSC - NASA Shared Services Center,"ALEXANDRIA, VA (District 08)",08/09/2024,09/23/2018,"Purchase Order, Firm Fixed Price","Non-Profit Institutions - Black American Owned Business, Corporate Entity Tax Exempt, Minority Owned, Nonprofit Organization","$-6,000","$-6,000",813920,,,,GOLD level partnership - $6000 for the society of black engineers asc
2025,FL,FL-02,Florida State University,80NSSC19K0426 Modification P00010,NSSC - NASA Shared Services Center,"TALLAHASSEE, FL (District 02)",03/31/2025,05/25/2025,"Grant, Grant For Research","Educational - Educational Institution, Nonprofit Organization, State Controlled Institution of Higher Learning",$0,$0,[None Indicated],,,,"Long-term exposure to the weightless environment causes astronauts to become sick and develop issues like constipation, skin rashes, and increased likelihood of developing a cold. this microgravity environment also induces a redistribution of bodily fluids towards the head. this fluid redistribution causes their heart and circulatory system (i.e., the arteries, veins, and lymphatic vessels that transport blood and lymph throughout the body) to work differently. no one has explored whether the increased likelihood of astronauts developing colds/being sick is linked to changes in how the cardiovascular system functions in spaceflight. this is a concern, AS how the immune system (which is responsible for making sure your body stays healthy) functions is linked to how well components of the immune system CAN travel throughout the body through the circulation. therefore, our general hypothesis is that an inability for components of the immune system to circulate normally causes the increased likelihood of astronauts becoming sick, AS well AS also playing a role with how the circulatory system adapts to a weightless environment due to the consequences of impaired immunity. we will test this hypothesis in the GOLD-standard rodent model for simulating microgravity effects on earth, the hindlimb-unloading (hu) model. using hu, we will test long-term simulated microgravity effects on the digestive and hindlimb systems of the rodents for their changes in immune factors and circulatory system responses. this will be done utilizing techniques that CAN measure a broadspectrum of immune factors in the tissues from the digestive system and hindlimb, to identify the most relevant target(s) that could influence altered immune response and changes in circulatory function. furthermore, we will test the function of the arteries, veins, and lymphatics in the digestive and hindlimb systems to compare responses between the two organ beds in response to long-term simulated microgravity. finally, we have discovered a novel therapeutic, anti-inflammatory agent, irisin, that we have shown in other rodent models of impaired immunity to resolve and beneficially improve outcomes of digestive and hindlimb structure, function, and immune state. we will use irisin AS a countermeasure in our simulated microgravity studies to treat the predicted immune-driven circulatory changes in the digestive and hindlimb systems, for our long-term goal of a treatment that CAN holistically treat astronauts and disease conditions on earth. these studies investigate novel and unexplored mechanisms, Biological responses, and treatments in relation to NASA space biology's goals to understand the basic mechanisms that animals use to adapt/acclimate to spaceflight, and to contribute basic knowledge of Biological adaptation/acclimation to spaceflight that may accelerate solutions to biomedical problems affecting human space exploration AS well AS human health on earth. we will discover new knowledge addressing topics of interest including immunology, musculoskeletal changes, digestive system changes, vascular and lymphatic drainage, and adaptation of life to space. indeed, through support of these research aims, we will discover new knowledge and therapies for the benefit of human space exploration and biomedical problems on earth."
2023,CA,CA-12,"Regents Of The University Of California, The",80NSSC19K0494 Modification P00004,NSSC - NASA Shared Services Center,"BERKELEY, CA (District 12)",02/23/2023,10/31/2024,"Grant, Grant For Research","Educational - 1862 Land Grant College, Educational Institution, Other Not For Profit Organization",$0,$0,[None Indicated],,,,"Many advances in space science have originated with innovations in remote sensing and imaging technologies. several of these innovations have been implemented BY NASA science missions over the years, particularly in heliophysics. remote sensing of earth and its space environment at Ultraviolet wavelengths continues to support heliophysics science missions.   imaging of earth s space environment has provided an approach to address specific science questions pertaining to the variability of the space environment and the coupling of energy and momentum between the different plasma regimes around earth, and to the neutral atmosphere. advances in these areas are still necessary to develop understanding of our space environment, and provide necessary capability for space weather nowcasting and prediction.   hpd s goals, described in the NASA science plan, are met BY science missions in both the SOLAR-terrestrial physics and Living With a Star programs that will all likely benefit from and require the implementation of remote UV imaging. early development work in smaller optics and detectors will give those missions more options to achieve a broader set of science goals, using low-complexity, compact imagers while maintaining good technical margins.   there have been many NASA missions that have implemented UV imagers (TIMED, polar, image, ICON, GOLD). each of these besides polar implemented one or more UV spectrometers to separate specific emissions and create images of the scene, both in nadir viewing tracks and instantaneous 2d snapshots. AS described in the 2014 science plan, future missions will examine the coupling of the magnetosphere to the ionosphere, atmospheric heating BY the aurora, and the regulation of the system BY the mass of the atmosphere. these new missions will likely require imagers that provide scientific context over a large field of view with high spatial resolution. accompanying a spectrograph, this kind of imager relieves the spectrograph from having to provide all of these capabilities. a small UV imager CAN therefore be a key component in a synergistic payload, providing room to maneuver in the trade space of scientific and technical requirements that require imaging.   this proposal seeks to develop a basic, reference transmissive imager with high spatial resolution and large field of view. the goal is to prove the system with a simple mgf lens focusing UV light on heritage UV sensitive intensifier tube, while implementing FIRST a heritage 1k x 1k imaging capability, and then developing algorithms for spot centroiding that would result in up to 4k effective spatial resolution (i.e. sub pixel resolution). this CAN be performed within in the h-TIDES budget for the fact that UCB has recent and extensive capability in building UV hardware and CAN implement best practices and test programs from recently completed projects. the advancements proposed will also be in reduction of size of the imaging electronics (readout and post-processing). implementation of a centroiding algorithm will reduce the noise budget to poisson statistics, obviating sources of noise inherent in most detector schemes. overall, the expected reductions in mass, power and volume from any previous UV geospace imager will likely support the implementation of multiple cameras on large Spacecraft/missions, or single implementations on smallsats, down to possibly a 6u cubesat.   the proposal is supported BY 2 scientists at UCB, a technical project lead engineer, and two international co-is who will support discussions of traceability and track needs of the European Space Agency for their own mission, looking for opportunities for future collaboration with NASA and ESA missions."
2023,AL,AL-05,"University Of Alabama In Huntsville, The",80NSSC19M0033 Modification P00004,NSSC - NASA Shared Services Center,"HUNTSVILLE, AL (District 05)",05/09/2023,11/29/2022, Cooperative Agreement,"Educational - Educational Institution, Nonprofit Organization, State Controlled Institution of Higher Learning",$-347,$-347,[None Indicated],,,,"The following technical proposal is submitted in response to the current call BY NASA SMD planetary division for high- temperature subsystems and components for long-duration (months) surface operations  on the planet venus. the problem at hand is how to maximize the survivability of sensors, electronics and other components on future venus surface landers under the extreme venus ambient (~500  c, 90 earth atm, highly acidic atmosphere, ETC). among the many challenges faced BY potential long duration landed missions, the most prominent one is maintaining the operation of on-board instruments with minimal or no active Thermal Control for extended periods [1]. these so-called mid-term missions are primarily designed to investigate geophysical properties of venus such AS heat flow, seismology, and geodesy. they require pertinent sensors and the associated subsystems to be able to withstand the severe temperature on venus surface for weeks or even months. this sets up the context of the current proposal. the objective of the proposed research is to develop a fiber-optic heat flux sensor (hfs) that is able to operate at an ambient temperature AS high AS 500  c with a 10-MW/m2 heat flux sensitivity. the innovation of the work is three-fold: a) there has been very little prior research on fiber-optic hfs, so the intended work represents a new concept in heat flux sensing. b) unlike traditional optical fiber thermal sensors, the new design uses GOLD-coated high temperature fiber bragg gratings (fbg) AS the sensing elements, which CAN withstand temperatures above 500  c. c) to improve the survivability of the interrogation-detection system under extreme conditions, an innovative scheme based on fbg wavelength discriminators is proposed, which allows the use of broadband light sources (e.g., LED) and direct power measurement."
2023,MA,MA-07,Trustees Of Boston University,80NSSC20K0151 Modification P00004,NSSC - NASA Shared Services Center,"BOSTON, MA (District 07)",03/07/2023,10/31/2023,"Grant, Grant For Research","Educational - Corporate Entity Tax Exempt, Educational Institution, Nonprofit Organization, Private University Or College","$100,000",$0,[None Indicated],,,,"Forest degradation and deforestation in west africa are widespread and the lack of information about the extent, magnitude and rate has contributed to inadequate development planning, and an inability of decision-makers and society to curb and mitigate the associated negative effects on land and people. a lack of ACCESS to the techniques and data required for production of comparable area estimates combined with a lack of consistent land classification systems prevent the generation of information on land dynamics required BY decision-makers to arrive at effective decisions. for example, effective land monitoring and unbiased estimation of area are mandatory when reporting within international frameworks such AS redd+ but being able to compare estimates in space and time is a necessity also for the local decision-maker. of importance to the lack of ACCESS to more advanced monitoring and estimation techniques are algorithm complexity and demands on data processing and storage   with the emergence of computing platforms such AS google earth engine, we are now at a position where we CAN alleviate such obstacles BY providing direct ACCESS to the science and technology required for addressing the environmental challenges in the region. with this proposal, we AIM to provide to a set of countries in west africa the capacity for landscape monitoring based on the analysis of time series of landsat observations, comprehensive support for sample-based estimation of map accuracy and area of land cover and land change in google earth engine. both the PI, co-i, and collaborators have a proven record of capacity building in tropical countries collaboration and coordination with silvacarbon, gofc GOLD, and the ast for servir s eastern and southern africa HUB will increase the likelihood of proposed effort having societal impact."
2025,CO,CO-02,University Corporation For Atmospheric Research,80NSSC20K0189 Modification P00005,NSSC - NASA Shared Services Center,"BOULDER, CO (District 02)",12/13/2024,11/30/2025,"Grant, Grant For Research","Non-Profit Institutions - Corporate Entity Tax Exempt, Nonprofit Organization",$0,$0,[None Indicated],,,,"The global ionosphere electric field varies considerably longitudinally and from day-to-day, but the causes of these changes are not well understood. the main processes that produce electric fields include: the neutral wind dynamo the high-latitude electric fields of magnetospheric origin and the penetration of these fields to lower latitudes. interactions between these processes, their longitudinal variability, particularly during geomagnetic storms, produce highly DYNAMIC yet poorly-understood, longitudinal and day-to-day variations in the global electric field. at the low- and equatorial latitudes, the global electric field CAN rapidly raise or lower the ionosphere, and thus help create or suppress plasma instabilities, generate small-scale irregularities that are deleterious to Global Positioning System (GPS) and radio signal propagation. we propose to improve our understanding of the variability of the global electric field and its impact on the mid-, low- latitude and equatorial ionosphere, BY addressing four specific questions: 1) how DO the lower atmosphere TIDES/WAVES and magnetospheric inputs impact the global electric fields during geomagnetically quiet times? 2) how DO the quiet-time global electric fields impact the longitudinal and day-to-day variability of the ionosphere and plasma instability at the mid-, low-, and equatorial latitudes? 3) how DO geomagnetic storms impact the global electric fields? 4) how DO the storm-time global electric fields impact the longitudinal and day-to-day variability of the ionosphere and plasma instability at the mid-, low-, and equatorial latitudes? we will employ the whole atmosphere community climate model with thermosphere and ionosphere extension (waccm-x) to carry out the proposed work. an upper atmospheric model uses empirical or specified lower atmosphere tidal forcing. this impairs the accurate determination of electrodynamic forcing from both below and above. waccm-x treats the whole atmosphere AS an integrated system, and employs realistic electrodynamic forcing from both below and above. periods of geomagnetic activity that are suitable for this study will be identified. waccm-x will be run with, and without, magnetospheric inputs to understand the interplay between the two forcing sources. ionospheric rayleigh-taylor (r-T) instability growth rates will be calculated using model outputs. the waccm-x runs will be compared with data from incoherent scatter radars (isrs), communication/navigation outage forecast system-coupled ion neutral DYNAMIC investigation (c/nofs-cindi), the defense meteorology satellite program (DMSP), constellation observing system for meteorology, ionosphere, and climate (cosmic), and total electron content (tec), to understand longitudinal variations of the ionosphere and plasma instability from mid- to equatorial latitudes. diagnostic analyses will be conducted to understand physical sources that DRIVE this variability. the project team will make the following contributions to the wider team effort. model output and results from the proposed studies, including the calculated r-T instability growth rates, will be made available to all teams. we will attend team meetings and participate in team collaborative tasks. the proposed studies directly address the LWS focused science topic  mid-latitude and equatorial dynamics of the ionosphere- thermosphere system. it also addresses the key science goal #2 outlined in the current NASA decadal survey:  determine the dynamics and coupling of earth s magnetosphere, ionosphere, and atmosphere and their response to SOLAR and terrestrial inputs. furthermore, it is very relevant to interpreting the output from the current NASA flight mission, the Global-scale Observations of the Limb and Disk (GOLD). GOLD is seeing many structures in the equatorial anomalies after dark (r. eastes, private communication), which CAN only be interpreted with a better understanding of the low latitude electric field."
2024,MI,MI-06,Regents Of The University Of Michigan,80NSSC20K1313 Modification P00006,NSSC - NASA Shared Services Center,"ANN ARBOR, MI (District 06)",08/14/2024,08/31/2025,"Grant, Grant For Research","Educational - Educational Institution, State Controlled Institution of Higher Learning, State Government, US Government Entity",$0,$0,[None Indicated],,,,"To address the science questions proposed above requires a systems science approach that CAN take into account the coupling among the different regions in the NEAR-earth space system, AS well AS taking advantage of the synergies between advanced numerical models and multi-instrument observations. a suite of state-of-the-art numerical models available through the university of michigan s space weather modeling framework (swmf) will be employed in this project. in addition, comprehensive observations from the NASA heliophysics system observatory (hso), such AS ACE, wind, GOLD, guvi and twins, and ground-based instruments, in particular GNSS receivers and radars, will be analyzed to obtain physical insights into the underlying processes responsible for ionospheric storms and be utilized AS input and AS constraints for model benchmark and validation purposes. data from the ICON mission will also be used when available. our science objective is directly relevant to two science goals in the heliophysics decadal survey:  2. determine the dynamics and coupling of earth s magnetosphere, ionosphere, and atmosphere and their response to SOLAR and terrestrial inputs 4. discover and characterize fundamental processes (e.g., ion-neutral coupling) that occur both within the heliosphere and throughout the universe. results obtained from this work will directly contribute to NASA geospace dynamics coupling (GDC) mission. in addition, ionospheric disturbances and thermospheric expansion are two of the five space weather disturbances highlighted in the president s space weather action plan (swan). our proposed efforts will result in improved scientific knowledge about them, which will lead to improved forecasts and thus have important practical benefits."
2023,SC,SC-03,Clemson University,80NSSC20K1353 Modification P00003,NSSC - NASA Shared Services Center,"CLEMSON, SC (District 03)",08/08/2023,08/14/2024,"Grant, Grant For Research","Educational - 1862 Land Grant College, Educational Institution, School Of Forestry, State Controlled Institution of Higher Learning, State Government, US Government Entity",$0,$0,[None Indicated],,,,"Exploring the causes of water vapor variability in the mesosphere, derived residual mean circulation and implications for thecomposition of the thermosphere using saber and GOLD"
2025,CO,CO-02,University Corporation For Atmospheric Research,80NSSC20K1784 Modification P00005,NSSC - NASA Shared Services Center,"BOULDER, CO (District 02)",03/05/2025,12/31/2025,"Grant, Grant For Research","Non-Profit Institutions - Corporate Entity Tax Exempt, Nonprofit Organization","$234,981",$0,[None Indicated],,,,"Science goals and objectives knowing the ionospheric plasma condition is important for space weather applications such AS predicting the occurrence of plasma depletions and associated irregularities affecting communication and navigation systems. the ionospheric plasma distribution strongly depend on the neutral winds, electric fields and thermospheric composition changes driven BY magnetosphere-ionosphere-thermosphere coupling, BY upward propagating planetary WAVES and TIDES, and is also modulated BY earth s magnetic field. interhemispheric asymmetries in the plasma distribution exist which cannot be explained BY the seasonal variation of SOLAR radiation. similarly, hemispheric asymmetries are evident in many observed quantities of the magnetosphere and ionosphere even after taking account of the Interplanetary Magnetic Field (IMF) orientations and seasonal effects. furthermore, the lower atmosphere has inherent interhemispheric differences due to the non-uniform excitation and propagation condition of WAVES and TIDES, which impact the ionosphere and thermosphere from below. so FAR, what causes the interhemispheric asymmetries in the ionosphere remains largely elusive. disentangling the important drivers and mechanisms leading to interhemispheric asymmetric plasma distribution is the focus of the proposed investigation. the proposed investigation will advance our understanding of the response and interaction of the ionosphere to interhemispheric asymmetries in the MI coupling and in the lower atmospheric tidal and planetary wave forcing. it focuses on three science questions that are central to focused science topic #4  causes and consequences of hemispherical asymmetries in the magnetosphere- ionosphere-thermosphere system : (1) how CAN the interhemispheric asymmetries in the field-aligned currents and joule heating be characterized during quiescent and disturbed conditions? (2) what are the important processes through which the ionosphere responds to and interacts with the asymmetric magnetospheric forcing? (3) how large is the contribution from the asymmetric lower atmospheric dynamics to the overall ionospheric asymmetry and what are the important pathways? methodology this investigation will combine data analysis with the state-of-the-art whole atmosphere community climate model-extended (waccm-x). waccm-x with specified dynamics BY reanalysis data will be employed to simulate the coupling between the lower atmosphere and the thermosphere-ionosphere system. numerical experiments will be conducted to delineate the effects from the lower atmosphere. the interhemispheric asymmetries in field-aligned currents (fac) will be characterized BY analyzing the ampere magnetometer data. to describe the interhemispheric asymmetries in the joule heating we will use the assimilative mapping of ionospheric electrodynamics (amie) procedure and the ampere fac forcing in waccm-x with different auroral conductance descriptions, e.g., DMSP/ssusi observations, and empirical aurora models. the interhemispheric asymmetry in the ionosphere will be characterized BY analyzing GPS-tec, cosmic and evening GOLD electron density, and once available cosmic-2 and ICON data. waccm-x simulations will be conducted to investigate the ionospheric response and interaction of the lower atmosphere and the MI coupling. the simulated interhemispheric asymmetries in the ionosphere via dynamics, composition and electrodynamic changes will be evaluated BY model-data intercomparison of e.g., o/n2 from TIMED/guvi, GOLD and the upcoming ICON, ion drifts from DMSP, cnof/s, and the upcoming cosmic-2 and ICON. proposed contribution to the focused science team this investigation supports the LWS program goal of  understanding which drivers generate the observed asymmetries  and  improve physics-based understanding of time-evolving structural changes in ionospheric electron density between hemispheres . we will share the amie, waccm-x and data analysis results."
2023,DE,DE-00,Blue Marble Space,80NSSC20M0076 Modification P00006,NSSC - NASA Shared Services Center,"CLAYTON, DE (District 00)",01/30/2023,02/18/2024, Cooperative Agreement,"Non-Profit Institutions - Corporate Entity Tax Exempt, Nonprofit Organization",$0,$0,[None Indicated],,,,"Lipids are organic molecules of GREAT interest for future astrobiological planetary exploration to the moon, mars, and icy worlds. lipids are essential to life AS we know it and likely also to putative extraterrestrial organisms. lipids are also synthesized abiotically, and are hypothesized to be present on the moon. laboratory characterization techniques are well established but are laborious, operator dependent, and require large volumes of consumables, precluding in situ analysis. our solution is to develop an autonomous, miniaturized fluidic system, integrating lab techniques for lipid analysis while minimizing reagent volumes and concentrating organics for analysis, thereby increasing signal-to-noise ratios BY orders of magnitude. this system for future astrobiological and life-detection missions (either in situ or sample return) will extract lipid organics from (icy) regolith using (1) a fluidic sample processor made of inert materials compatible with organic solvents and (2) a machine-learning system to select processing steps and parameters to maximize lipid yield. our team of ARC early-career astrobiologists and engineers will advance a benchtop breadboard from TRL 2 to 4 over a 2-year timeframe using a modified scrum management approach. partners at shell will consult on optimal lipid-extraction techniques from environmental samples. coupling the breadboard to flight-heritage analytical instrumentation at GSFC s planetary environment laboratory will provide an ultimate  dirt to data  demonstration. our success strategy leverages three areas of ARC expertise: (1) proven design and development of spaceflight aqueous microfluidic platforms, (2)  GOLD standard  lipid biomarker laboratory analytical techniques developed and refined over 50 years, and (3) Artificial Intelligence and Machine Learning suitable for in-the-loop adaptive control of robotic analytical systems."
2025,NH,NH-02,Trustees Of Dartmouth College,80NSSC21K0309 Modification P00008,NSSC - NASA Shared Services Center,"HANOVER, NH (District 02)",03/19/2025,12/31/2025,"Grant, Grant For Research","Educational - Corporate Entity Tax Exempt, Educational Institution, Nonprofit Organization, Private University Or College",$0,$0,[None Indicated],,,,"The peruvian department of madre de dios (mdd) is a flashpoint in the current tension between expanding frontier development in the south american neotropics, global demand for GOLD, and conservation of floodplain rainforest ecosystems. located at the base of the eastern slope of the peruvian andes and stretching over 85,000 km2 to the borders of brazil and bolivia, mdd contains a diverse variety of forests harboring high levels of endemism which have been a focal point for"
2025,AR,AR-03,University Of Arkansas System,80NSSC21K1002 Modification P00005,NSSC - NASA Shared Services Center,"FAYETTEVILLE, AR (District 03)",05/05/2025,05/31/2026,"Grant, Grant For Research","Educational - 1862 Land Grant College, Educational Institution, State Controlled Institution of Higher Learning, State Government, US Government Entity",$0,$0,[None Indicated],,,,"Rice is a significant food crop that is also responsible for 8% of global anthropogenic methane emissions, due to its cultivation in anaerobic soil environments. there is still considerable uncertainty to the methane emissions associated with rice cultivation in the united states, and a more consistent product is necessary to observe, plan, and reduce this Greenhouse Gas source. this project takes on the challenge of monitoring methane production in the us s rice producing regions BY integrating satellite data with a process based model to produce a consistent national rice-ch4 product with quantified uncertainty estimates. the product will be validated against field flux observations taken BY the eddy covariance method in the lower mississippi river basin (lmrb) and california, two of the largest rice-producing states the measured observations in those regions cover enough different agronomic and soil types to adequately extend into the gulf coast region. the project overcomes three main factors inhibiting success in current rice-related ch4 inventories: (1) lack of GOLD-standard, temporally-continuous benchmark data for ch4 emissions, including measurements in the u.s. s biggest rice production area (lmrb), (2) lack of inundation dynamics in the methane modeling and quantification, and (3) lack of observational constraints from plant growth and gross primary productivity (gpp) in ch4 quantification. in this project, we will overcome these challenges BY assembling a database of 48 site-years of ch4 emissions over rice-cultivated fields to benchmark a new modeled product. an appropriate, tested, process-based model for rice-ch4 flux prediction will be used to generate daily flux estimates at the 500 m scale, for all the rice growing regions in the us. this product will be driven BY a new daily, gap-free, cloud-free satellite-based map of both inundation and gpp. the project will be arranged in three work packages delivering (1) new satellite products of leaf area index, gpp, and inundation at the daily scale, (2) methane emissions estimates using satellite observations and ground-truth benchmark eddy covariance flux observations to constrain process-based modeling, and (3) validation, verification, and uncertainty quantification. this last package INCLUDES uncertainty estimates from both satellite-derived variables and calibrated model parameters analyzed in a monte carlo sampling framework, a spatiotemporal trend analysis of rice ch4 dynamics, and a comparison to current benchmark products and their implications for inversion modeling. through this project, we AIM to answer the following three major scientific questions: (1) what is the spatial and temporal variability of rice-ch4 across the contiguous u.s. from 2008 to 2022, and is there a trend in ch4 emissions from rice over this 15-year period? (2) what is the impact of explicit inclusion of inundation condition (derived from satellite) in rice-ch4 modeling and quantification? (3) what are the benefits of explicitly including satellite constraints of carbon-budget components in rice-ch4 modeling and quantification? this study follows stakeholder groups  interests (including non-profit, business, and government) in methane emissions reduction, soil carbon storage, and sustainability for the agricultural landscape. the proposed outcomes meet several objectives of the NASA cms program, including their advance in the  use of satellite remote sensing AS an alternative or supplement to ground-based methods for quantifying NET carbon emissions and/or storage.  the project also builds on several existing cms products and enhances national reported carbon emissions inventories through its improved representation of crop methane emissions. the project products will be accessible to both research and practitioner (land management) communities."
2025,VA,VA-11,George Mason University,80NSSC22K0016 Modification P00004,NSSC - NASA Shared Services Center,"FAIRFAX, VA (District 11)",04/08/2025,04/30/2026,"Grant, Grant For Research","Educational - Educational Institution, State Controlled Institution of Higher Learning, State Government, US Government Entity",$0,$0,[None Indicated],,,,Studying the mean and variable structure of the upper atmosphere using GOLD and ICON
2025,SC,SC-03,Clemson University,80NSSC22K0018 Modification P00004,NSSC - NASA Shared Services Center,"CLEMSON, SC (District 03)",01/07/2025,12/26/2025,"Grant, Grant For Research","Educational - 1890 Land Grant College, Educational Institution, School Of Forestry, State Controlled Institution of Higher Learning, State Government, US Government Entity",$0,$0,[None Indicated],,,,Eo14042 role of lower atmosphere WAVES in preconditioning the ionosphere-thermosphere responses to geomagnetic storms using ICON and GOLD
2024,CO,CO-02,"Atmospheric & Space Technology Research Associates, L.L.C.",80NSSC22K0019 Modification P00003,NSSC - NASA Shared Services Center,"LOUISVILLE, CO (District 02)",09/06/2024,12/31/2024,"Grant, Grant For Research","Other Than Small Business - Corporate Entity Not Tax Exempt, For Profit Organization, Limited Liability Corporation","$89,488",$0,[None Indicated],,,,"Eo14042 low-latitude ionosphere-thermosphere variability due to global-scale WAVES and their non-linear interactions AS revealed BY the ICON, GOLD, and sortie satellites"
2025,MA,MA-07,Massachusetts Institute Of Technology,80NSSC22K0171 Modification P00005,NSSC - NASA Shared Services Center,"CAMBRIDGE, MA (District 07)",05/12/2025,12/31/2025,"Grant, Grant For Research","Educational - 1862 Land Grant College, Corporate Entity Tax Exempt, Educational Institution, Nonprofit Organization, Private University Or College",$0,$0,[None Indicated],,,,GOLD-ICON guest investigator: understanding the day-to-day variability of plasma.bubbles utilizing GOLD-ICON data -drivers from above and below
2023,WA,WA-01,"Northwest Research Associates, Inc.",80NSSC22K0174 Modification P00002,NSSC - NASA Shared Services Center,"REDMOND, WA (District 01)",07/26/2023,01/31/2025,"Grant, Grant For Research","Other Than Small Business - Corporate Entity Not Tax Exempt, For Profit Organization","$50,047",$0,[None Indicated],,,,Investigation of equatorial plasma bubbles in GOLD using sami-3 driven BY a gravity wave resolving whole-atmosphere gcm
2024,CA,CA-50,"University Of California, San Diego",80NSSC22K0490 Modification P00002,NSSC - NASA Shared Services Center,"LA JOLLA, CA (District 50)",06/12/2024,01/20/2025,"Grant, Grant For Research","Educational - 1862 Land Grant College, Corporate Entity Tax Exempt, Educational Institution, Other Not For Profit Organization","$175,028",$0,[None Indicated],,,,"Infrared GOLD a student centered program to extract, analyze, and disseminate 20 years of IRTF spex point source spectroscopy"
2024,WI,WI-02,University Of Wisconsin System,80NSSC22K1250 Modification P00003,NSSC - NASA Shared Services Center,"MADISON, WI (District 02)",09/07/2024,09/30/2025,"Grant, Grant For Research","Educational - 1862 Land Grant College, Educational Institution, State Controlled Institution of Higher Learning, State Government, US Government Entity","$85,498",$0,[None Indicated],,,,"Ecosystems are changing rapidly across the arctic tundra and boreal regions, but to predict future changes, an urgent need remains to understand what factors DRIVE current variation in co2 uptake. flux towers have long been the GOLD-standard for quantifying gpp and related fluxes, but they are sparse in geographic distribution and their measurements integrate variation in drivers at multiple scales. specifically, spatial and within-season temporal trends in gpp at a given location are a consequence of both synoptic factors (weather, PAR) and local drivers related to moisture, soils, and vegetation. emerging methods in air- and space-borne remote sensing offer new opportunities to disentangle the landscape-scale factors that DRIVE within-season variability in tower-measured co2 uptake. we propose to couple flux tower measurements from the towers with above airborne remote sensing products to quantify the impacts of landscape heterogeneity on flux tower variation. we will use remotely sensed measurements of foliar functional traits from avirisng (and neon) such AS leaf mass PER area (LMA) and nitrogen -- the nominal plant-level determinants of potential photosynthesis -- in conjunction with flux tower gpp and derived weather-driven flux footprints to assess the contribution of vegetation patterns to intra- and inter-tower flux variation. using data from aligned flux tower and imaging spectroscopy data (124 pairs encompassing 34 towers are currently available for 2017- present), we will use trait maps generated for the above domain for PHASE-2 above project to test hypotheses: 1) temporal trait variation within flux tower footprints and spatially across flux towers -- especially for traits commonly used to estimate primary metabolism (n and LMA) -- explains temporal and spatial variation in co2 fluxes AS flux tower footprints move across the landscape with prevailing winds. our primary focus is on gpp, but we will also consider NET ecosystem exchange (nee), light use efficiency (lue, gpp controlling for PAR) and water-use efficiency (wue, gpp controlling for evapotranspiration). 2) consistent with ecological theories of diversity and resilience, greater functional diversity of traits within footprints leads to greater temporal stability in co2 uptake. we propose to use variance partitioning, mixed models and structural equation models to link co2 flux variables to traits, functional and spectral diversity, land cover variation (lai, canopy height, bare ground, water), meteorological drivers, and broad-scale geographic factors (such AS soils and topography). in addition to aviris-NG, we will use lvis airborne lidar data for canopy height and structural complexity metrics and uavsar active layer thickness data within flux tower footprints. using existing data from above airborne campaigns AS well AS a rich network of flux towers in the region, the research will provide a comprehensive assessment of the vegetation drivers underlying gpp variation in time and space and will provide the basis for using future satellite data to better extrapolate spatially-explicit variation in co2 fluxes. this research will also provide the quantitative foundation to incorporate biodiversity-ecosystem function relationships explicitly into the next generation of ecosystem models. this work addresses multiple above science questions and research topics relating to the biogeochemical mechanisms of co2 fluxes at landscape scales, AS well AS using airborne aviris-NG data for the development of methods to quantify biodiversity-ecosystem function relationships for deployment at global scales once SBG is launched in the late 2020s. we will release all code generated in this project through github under an open-source license and make all data available through long-term public repositories."
2025,MI,MI-06,Regents Of The University Of Michigan,80NSSC23K0407 Modification P00002,NSSC - NASA Shared Services Center,"ANN ARBOR, MI (District 06)",02/24/2025,02/24/2025,"Grant, Grant For Research","Educational - Educational Institution, State Controlled Institution of Higher Learning, State Government, US Government Entity","$-24,530","$-439,452",[None Indicated],,,,"Thermospheric composition and temperature are two critical variables affecting the coupled ionosphere-thermosphere (it) system. previous studies have shown the existence of strong hemispheric asymmetries in these two parameters. the seasonal variations of the SOLAR radiation DRIVE their FIRST-order hemispheric asymmetries. besides SOLAR radiation, the magnetosphere is another important energy source for the it system through poynting flux (pf) and particle precipitation. the hemispheric asymmetry of the magnetospheric energy source CAN also lead to asymmetries in the it system and even further enhance the existing asymmetries owing to SOLAR radiation. the interplay between the SOLAR radiation and magnetospheric energy input creates complex asymmetry in the thermosphere, which is not thoroughly understood BY the community. the overarching goal of this proposal is to better understand the hemispheric asymmetries of the thermosphere using comprehensive observational and numerical tools. the specific compelling but unsolved questions that need to be investigated are: (sq1) what is the local time (lt)/magnetic local time (mlt) dependence of the hemispheric asymmetries in the thermospheric composition and temperature? (sq2) how does the hemispheric asymmetry in the poynting flux impact the asymmetries in the thermospheric composition and temperature? with the launch of the global-scale observations of limb and disk (GOLD) instrument, high-cadence, global-scale measurements of both the composition and temperatures in the lower thermosphere are available. these data provide a golden opportunity to answer these science questions assisted BY state-of-the-art numerical models. to address sq #1, we will analyze the GOLD thermospheric measurements to obtain the monthly average distributions of the thermospheric composition and temperature in both geomagnetic and geographic coordinates. then we will design and calculate the hemispheric asymmetry indexes, and determine their seasonal, lt, mlt, latitude, and magnetic latitude dependence. to address sq #2, we will FIRST calculate the pf in each hemisphere based on the DMSP observations and evaluate its hemispheric asymmetry. then, we will apply information theory, i.e., mutual information and entropy transfer, to investigate the relationship between pf and thermospheric composition and temperature. we will also implement numerical models, i.e., the global ionosphere and thermosphere model (gitm), to simulate idealized events BY adjusting pf in the two hemispheres to evaluate to what degree the pf asymmetry CAN generate the observed thermospheric asymmetry. the above proposed studies will significantly deepen the understanding of the morphology and formation mechanisms of the hemispheric asymmetries in thermospheric composition and temperature, which directly addresses two heliophysics research program objectives and one objective of the upcoming NASA Geospace Dynamics Constellation (GDC) mission."
2025,ME,ME-01,Bowdoin College,80NSSC23K0571 Modification P00001,NSSC - NASA Shared Services Center,"BRUNSWICK, ME (District 01)",01/15/2025,01/26/2026,"Grant, Grant For Research","Educational - Corporate Entity Tax Exempt, Educational Institution, Nonprofit Organization, Private University Or College",$0,$0,[None Indicated],,,,"We propose to perform two 40 ksec target of opportunity follow-up observations of x-ray luminous sources that we identify in association with two separate ""GOLD""-quality icecube high-energy neutrino s. these s are likely to be from astrophysical neutrinos. the FIRST identification of an astrophysical source of high-energy neutrinos occurred in 2018, following icecube-170922a and the bl lac-type blazar txs 0506+056. x-ray follow-up of likely-cosmic neutrino s has thus proven its utility for identifying possible neutrino counterparts, and most importantly to measure the hadronic contribution to the high-energy emission. we AIM to use this approach to identify more such sources and calculate their neutrino flux."
2023,LA,LA-02,Louisiana Board Of Regents,80NSSC23M0147 Modification 0 (Base Record),NSSC - NASA Shared Services Center,"BATON ROUGE, LA (District 02)",09/06/2023,08/31/2024, Cooperative Agreement,"Government - State Government, US Government Entity","$99,997","$99,997",[None Indicated],,,,"Our approach for rapid detection and monitoring of microbial growth in Spacecraft environments is focused on the mitigation of adverse pathogen contamination for both crewed mars missions AS well AS robotic exploration. we have developed a gene sampling tool for rapid, dry (without liquid), purification of nucleic acid for subsequent genotyping in microgravity. at the core of the gene sampler technology is a GOLD-plated stainless steel microscopic pin (130 m 3mm) functionalized with synthetic rna capture sequences for selective purification of bacterial nucleic acid after at least 2 minutes of incubation in the Biological specimen. the tool is designed to interface with the cepheid cycles in orbit and the feasibility of the rna extraction approach was successfully validated on the International Space Station (ISS) in february 2021 using a radish plant harvested from the aph-02. building upon this feasibility study results we propose to integrate the gene sampling tool with a lab-on-a-chip platform for the selective, aptamer-mediated enrichment of bacterial species followed BY on-chip nucleic acid extraction for subsequent genotyping. the microfluidic chip will elegantly interface with the gene sampling tool for dry and selective purification of rna for subsequent genotyping of the pathogens. in response to identified microbial and health monitoring gaps BY the committee for space research (costar), this proposal aims to develop a tool for bacterial enrichment for rapid, selective, and sensitive detection of pathogens in the Spacecraft microbiome. one of the crucial obstacles to both human and robotic space exploration is maintaining and monitoring the cleanliness of the Spacecraft and instrumentation surfaces. microgravity increases the risks of microbial proliferation and outbreaks emphasizing the need for rapid pathogen monitoring that eliminates the need for multistep bacterial plating and nucleic acid purification protocols. our method offers a one-step nucleic acid purification process that provides faster results and requires less crew time and reduced workspace area. one year of funding is requested to develop a portable platform that does not require large, equipment and eliminates the multistep protocol for additional pre-concentration steps of the bacterial specimen while enabling selective isolation of target bacteria species and genetic analysis. rna purification and 16s-specific enrichment will be performed using the gene sampler tool for subsequent pcr genotyping experiments. the results of this study will also inform future efforts to integrate the platform with on-chip amplification and gene expression analysis."
2023,WA,WA-02,Fluke Electronics Corporation,80NSSC23PA580 Modification 0 (Base Record),NSSC - NASA Shared Services Center,"EVERETT, WA (District 02)",02/17/2023,02/22/2024,"Purchase Order, Firm Fixed Price","Other Than Small Business - Corporate Entity Not Tax Exempt, For Profit Organization, Manufacturer Of Goods","$33,724","$33,724",334519,,80NSSC828105Q,,Fluke metcal GOLD software support renewal
2023,NY,NY-12,Tech Service Solutions Llc,80NSSC23PA892 Modification P00001,NSSC - NASA Shared Services Center,"NEW YORK, NY (District 12)",07/10/2023,06/22/2023,"Purchase Order, Firm Fixed Price","Small Disadvantaged Business,Small Business - American Indian Owned, Corporate Entity Not Tax Exempt, For Profit Organization, Limited Liability Corporation, Minority Owned, Self Certified Small Disadvantaged Business, Sub Continent Asian American Owned Business","$-268,372","$-268,372",333242,,80NSSC231254,,Ot : GOLD sputtering target
2023,GA,GA-06,International Association For Stability Handling & Use Of Liquid Fuels Inc.,80NSSC23PB824 Modification 0 (Base Record),NSSC - NASA Shared Services Center,"ATLANTA, GA (District 06)",07/12/2023,12/31/2025,"Purchase Order, Firm Fixed Price","Non-Profit Institutions - Corporate Entity Tax Exempt, Nonprofit Organization","$15,000","$15,000",813920,,,,"NASA iash GOLD membership 2023, 2024, 2025"
2023,CO,CO-06,Allium Us Holding Llc,80NSSC23PC620 Modification 0 (Base Record),NSSC - NASA Shared Services Center,"ENGLEWOOD, CO (District 06)",09/26/2023,05/31/2024,"Purchase Order, Firm Fixed Price","Small Business ONLY - Corporate Entity Not Tax Exempt, For Profit Organization","$28,000","$28,000",513199,,80NSSC23848508Q,,GOLD fire hyper care extension
2024,FL,FL-08,"4 Star Technologies, Inc.",80NSSC24FA150 Modification 0 (Base Record),NSSC - NASA Shared Services Center,"ORLANDO, FL (District 08)",12/14/2023,12/13/2024,"Delivery Order, Firm Fixed Price","SBA Certified HUBZone,Veteran Owned Small Business,Service Disabled Veteran Owned Small Business,Small Business - Corporate Entity Not Tax Exempt, For Profit Organization, Service Related Disabled Veteran Owned Business, Subchapter S Corporation","$159,636","$159,636",541519,,80NSSC24856458Q,,A10 networks GOLD support plan renewal
2025,CA,CA-36,"University Of California, Los Angeles",80NSSC24K1683 Modification P00001,NSSC - NASA Shared Services Center,"LOS ANGELES, CA (District 36)",05/07/2025,08/31/2027,"Grant, Grant For Research","Educational - 1862 Land Grant College, Educational Institution, State Controlled Institution of Higher Learning, State Government, US Government Entity","$50,000",$0,[None Indicated],,,,23-earth23-0053 - sensing the biodiversity impacts of GOLD mining in the peruvian amazon
2024,PA,PA-04,Fed Crew Inc,80NSSC24PA058 Modification P00002,NSSC - NASA Shared Services Center,"COLLEGEVILLE, PA (District 04)",02/06/2024,01/24/2024,"Purchase Order, Firm Fixed Price","Small Disadvantaged Business,Woman Owned Small Business,Small Business - Corporate Entity Not Tax Exempt, For Profit Organization, Minority Owned, Self Certified Small Disadvantaged Business, Sub Continent Asian American Owned Business, Women Owned, Women Owned Small Business",$0,$0,334516,,80NSSC244065Q,,GOLD sputtering target
2024,WA,WA-02,Fluke Electronics Corp,80NSSC24PA550 Modification 0 (Base Record),NSSC - NASA Shared Services Center,"EVERETT, WA (District 02)",02/15/2024,02/22/2025,"Purchase Order, Firm Fixed Price","Other Than Small Business - Corporate Entity Not Tax Exempt, For Profit Organization, Manufacturer Of Goods","$36,375","$36,375",513210,,,,Pri supt workstations fluke GOLD maintenance support renewal
2024,WA,WA-02,Fluke Electronics Corp,80NSSC24PA862 Modification 0 (Base Record),NSSC - NASA Shared Services Center,"EVERETT, WA (District 02)",04/11/2024,04/24/2025,"Purchase Order, Firm Fixed Price","Other Than Small Business - Corporate Entity Not Tax Exempt, For Profit Organization, Manufacturer Of Goods","$90,984","$90,984",334515,,80NSSC24866076Q,,FY24 fluke GOLD fleet support
2024,MD,MD-04,"603 Optx, Llc",80NSSC24PA948 Modification P00001,NSSC - NASA Shared Services Center,"GREENBELT, MD (District 04)",09/19/2024,10/04/2024,"Purchase Order, Firm Fixed Price","Small Business ONLY - Corporate Entity Not Tax Exempt, For Profit Organization, Limited Liability Corporation",$0,$0,333310,,,,603optx: nickel plate steel coated w/protected GOLD 4-15um ravg &gt;95
2024,MN,MN-03,North Star Imaging Incorporated,80NSSC24PB872 Modification 0 (Base Record),NSSC - NASA Shared Services Center,"ROGERS, MN (District 03)",08/05/2024,08/29/2025,"Purchase Order, Firm Fixed Price","Other Than Small Business - Corporate Entity Not Tax Exempt, For Profit Organization, Manufacturer Of Goods","$36,640","$36,640",334519,,80NSSC24875689Q,,FY24 nsi PM & sw GOLD agreement
2025,CO,CO-05,"V3Gate, Llc",80NSSC25FA249 Modification 0 (Base Record),NSSC - NASA Shared Services Center,"COLORADO SPRINGS, CO (District 05)",03/03/2025,07/30/2025,"Delivery Order, Firm Fixed Price","Veteran Owned Small Business,Service Disabled Veteran Owned Small Business,Small Disadvantaged Business,Small Business - For Profit Organization, Hispanic American Owned Business, Limited Liability Corporation, Minority Owned, Partnership Or Limited Liability Partnership, Service Related Disabled Veteran Owned Business","$71,153","$71,153",541519,,SEWP RFQ# 336476,,A10 networks GOLD support
2025,CA,CA-17,"New Tech Solutions, Inc.",80NSSC25FA344 Modification 0 (Base Record),NSSC - NASA Shared Services Center,"FREMONT, CA (District 17)",04/10/2025,04/09/2026,"Delivery Order, Firm Fixed Price","Small Disadvantaged Business,Small Business - Corporate Entity Not Tax Exempt, For Profit Organization, Manufacturer Of Goods, Minority Owned, SBA Certified 8A Program Participant, Self Certified Small Disadvantaged Business, Sub Continent Asian American Owned Business","$36,740","$36,740",541519,,80NSSC25899935Q,,Spirent testcenter GOLD support renewal FY25
2025,WA,WA-02,Fluke Electronics Corp,80NSSC25PA973 Modification 0 (Base Record),NSSC - NASA Shared Services Center,"EVERETT, WA (District 02)",04/24/2025,04/24/2026,"Purchase Order, Firm Fixed Price","Other Than Small Business - Corporate Entity Not Tax Exempt, For Profit Organization, Manufacturer Of Goods","$100,200","$100,200",334513,,80NSSC25900549Q,,FY25 fluke GOLD fleet support renewal
2025,IL,IL-06,"Molex, Llc",80NSSC25PA992 Modification P00001,NSSC - NASA Shared Services Center,"LISLE, IL (District 06)",06/11/2025,06/20/2025,"Purchase Order, Firm Fixed Price","Other Than Small Business - Corporate Entity Not Tax Exempt, For Profit Organization, Manufacturer Of Goods","$-70,760","$-70,760",334417,,80NSSC25901263Q,,GOLD-coated fiber from molex
2025,CA,CA-50,"Illumina, Inc.",80NSSC25PB117 Modification 0 (Base Record),NSSC - NASA Shared Services Center,"SAN DIEGO, CA (District 50)",05/22/2025,11/22/2025,"Purchase Order, Firm Fixed Price","Other Than Small Business - Corporate Entity Not Tax Exempt, For Profit Organization, Manufacturer Of Goods","$127,238","$127,238",334516,,80NSSC25903768Q,,12 reagent kits   2x truseq straded mrna library prep 3x truseq stranded total rna library prep GOLD freight
2025,MA,MA-09,Fiber Optic Center Inc,80NSSC25PB301 Modification 0 (Base Record),NSSC - NASA Shared Services Center,"NEW BEDFORD, MA (District 09)",06/24/2025,08/12/2025,"Purchase Order, Firm Fixed Price","Small Business ONLY - Corporate Entity Not Tax Exempt, For Profit Organization, Subchapter S Corporation","$70,760","$70,760",335921,,80NSSC25906382Q,,Fgx009125155 SM GOLD - GOLD coated fiber optic cable
2023,FL,FL-08,University Of Central Florida,NNG12PQ28C Modification 37,GSFC - Goddard Space Flight Center,"ORLANDO, FL (District 08)",08/10/2023,02/28/2021,"Definitive Contract, Cost No Fee","Educational - Corporate Entity Tax Exempt, Educational Institution, Other Not For Profit Organization, State Controlled Institution of Higher Learning","$-6,608",$0,541712,80-0120,NNH11ZDA002O,,"Global-scale Observations of the Limb and Disk (GOLD) phase astudy the Global-scale Observations of the Limb and Disk, (GOLD), proposal was selected under explorer missions of opportunity selected for phase a study. this effort is to support the phase a concept studies.the contractor shall prepare a concept study report and bridge proposal PER the concept study guidelines furnished BY NASA HQ. the contractor shall also support the requisite site visit.  this effort involves an imaging instrument that would fly on a commercial communications satellite in geostationary orbit to image the earth's thermosphere and ionosphere.deliverables include- concept study report (csr) due 9/2112012- bridge proposal due (2-3 months prior to csr)- conduct site visit (after csr delivery)"
2023,CO,CO-02,University Corporation For Atmospheric Research,NNX17AI39G Modification 5,NSSC - NASA Shared Services Center,"BOULDER, CO (District 02)",03/01/2023,03/12/2022,"Grant, Grant For Research","Non-Profit Institutions - Corporate Entity Tax Exempt, Nonprofit Organization","$-2,060","$-2,060",[None Indicated],80-0120,,,"The primary goal of this proposal is to elucidate the causal relationship between the high-latitude energy input and the formation of thermospheric neutral mass density anomaly through detailed model-data intercomparison. more specifically, we will address the following outstanding scientific questions: (1) what are the spatial and temporal distributions of high-latitude energy input in terms of joule heating and auroral precipitation for different SOLAR wind and geomagnetic conditions? what is the partition of energy input over the polar cap compared to that in the auroral zone? (2) how does the thermosphere respond to high-latitude energy input? what is the relative importance of the different physical processes that DRIVE thermospheric neutral density distributions in the polar cap AS well AS at middle and low latitudes? (3) what is the relative importance of joule heating versus auroral precipitation on thermospheric density anomaly? what fraction of joule and auroral energy input is deposited in the upper thermosphere where its influence on density is greater? these questions are important not only for understanding the physical processes governing the global thermosphere but also for predicting the NEAR-earth space weather AS thermospheric density perturbations possess serious hazards to satellite operations. this investigation will make extensive use of data from both current and past NASA missions, including TIMED, c/nofs, and image, leveraged BY other space and ground based observations, in order to obtain the most realistic specification of high-latitude energy input under different SOLAR wind and geomagnetic conditions BY applying the assimilative mapping of ionospheric electrodynamics (amie) procedure. we will use the thermosphere-ionosphere-electrodynamics general circulation model (tiegcm) to delineate the various dynamical and chemical processes affecting the thermosphere. numerical simulations with the tiegcm will be carried out to determine the spatial and temporal scales of thermospheric disturbances and to quantify the relative importance of joule heating and auroral precipitation on the thermosphere. the proposal directly addresses the 2nd high-level science goal of the heliophysics decadal survey:  determine the dynamics and coupling of earth s magnetosphere, ionosphere, and atmosphere and their response to SOLAR and terrestrial inputs , and is highly relevant to NASA s strategic goals to  explore the physical processes in the space environment from the sun to the earth  and to  develop the knowledge and capability to detect and predict extreme conditions in space to protect life and society  AS outlined in the heliophysics science and technology roadmap for 2014-2033. our proposal is fully in line with these high-priority science objectives. the proposed investigation will advance our understanding of energetic coupling of the it system, a critical step toward a more reliable specification, and eventual forecast, of the thermosphere. an improved understanding of how high-latitude energy input affect the thermosphere from high latitudes to the mid- and low-latitude regions will greatly benefit the upcoming missions (e.g., ICON and GOLD). knowledge gained through this investigation concerning the spatial and temporal scales of thermospheric variability will also aid the design and optimization of future multi-Spacecraft constellation missions such AS GDC."
