Year,State,District,Contractor,Contract,Mod Number,NASA Center,Place of Performance,Award Date,Completion Date,Award Type,Contractor Type - Indicators,Obligations,Change in Award Value,NAICS Code,TAS Code,Solicitation ID,Solicitation POC,Description
2023,CO,CO-02,"Regents Of The University Of Colorado, The",80NSSC18K0889,Modification P00004,NSSC - NASA Shared Services Center,"BOULDER, CO (District 02)",10/18/2022,05/06/2022,"Grant, Grant For Research","Educational - Educational Institution, State Controlled Institution of Higher Learning, State Government, US Government Entity",$-2,$-2,[None Indicated],,,,"The measurement requirement of the orbiting carbon observatory (oco-2) is the determination of column average co2 (i.e. xco2) to 1 ppmv on a regional basis. since co2 is NEAR 400 ppmv, this 0.25 % measurement is challenging. our proposed research addresses physical effects (3d radiative transfer effects due to clouds and surface reflectivity) that are not in the current operational retrieval, yet directly impacts the biases and standard deviations in retrieved xco2. our previous work demonstrated that 3d cloud effects increase AS the cloud heterogeneity, and associated radiance field heterogeneity, increases. xco2 standard deviations increase from 0.98 ppmv for clear scenes upwards to 2.6 ppmv for cloudy scenes, demonstrating that 3d cloud effects add an important component to the xco2 error budget. the quantification and mitigation of xco2 biases that are associated with 3d cloud effects is a primary goal of this proposal. our objectives are to a) develop a 3d cloud effect detection algorithm (based upon stand-alone oco-2 radiance data), b) develop 3d cloud effect bias parameterizations (expressed AS a function of 3d cloud field heterogeneity, molecular line structure, and viewing geometry metrics), c) carry out radiative transfer calculations that test our understanding of how 3d cloud effects arise at the molecular line structure level, and d) address the issue of 3d effects due to surface reflectance heterogeneity. the research will be based upon an analysis of oco-2 ""lite file"" xco2 data, 3d radiative transfer calculations, a thorough analyses of how 3d cloud effects are manifested in oco-2 spectra AS a function of wavelength-dependent optical depth (i.e. molecular line structure), and applications of the publicly available oco-2 retrieval software. several dozen target, glint, and nadir mode scenes will be analyzed, from clear sky scenes to cloudy scenes of increasing heterogeneity and various viewing geometries. 3d cloud heterogeneity metrics for each scene will be specified from separate analyses of modis and oco-2 radiance fields, while 3d radiative transfer calculations will specify molecular line structure metrics. we will calculate oco-2 radiance spectra with and without the 3d cloud effects for an observation, for all three oco-2 spectral bands, BY applying our oco3ds 3d radiance simulator. this simulator is based upon the mcarats 3d radiative transfer code. the oco-2 retrieval software will calculate two xco2 values based upon the original observed spectra, and the original spectra modified BY the two sets of oco3ds spectra. the difference in the two retrieved xco2 values then becomes one measure of the 3d cloud effect bias. we will interact with the oco-2 algorithm team to determine if the 3d cloud effect detection algorithm and the 3d cloud effect bias parameterizations CAN be applied in the post-retrieval ""bias correction"" processing to improve oco-2 lite file xco2. code will be delivered to the team such that the 3d cloud effect detection algorithm and bias correction parameterizations CAN be updated AS improvements in the oco-2 calibration and retrieval program are implemented."
2023,CA,CA-27,California Institute Of Technology,80NSSC18K0903,Modification P00005,NSSC - NASA Shared Services Center,"PASADENA, CA (District 27)",10/25/2022,05/07/2022,"Grant, Grant For Research","Educational - Corporate Entity Tax Exempt, Educational Institution, Nonprofit Organization, Private University Or College",$0,$0,[None Indicated],,,,"Proper interpretation of spectral observations from the orbiting carbon observatory-2 (oco-2) requires state-of-the-art knowledge of the carbon dioxide and oxygen absorption coefficients. ongoing efforts have pushed the model to the limits of fourier transform spectroscopy and coupled laser based data into the oxygen model while simultaneously developing temperature controllable laser spectrometers at caltech and NIST. despite progress on all fronts, further improvements are required molecular for co2 (at 2.1 and 1.6 microns) and o2 (at 0.76 microns). this team INCLUDES partners with expertise in code development, oco-2 l2 data generation (absco tables), AS well AS expertise with validations using tccon, gosat and oco-2 data. these validation studies indicate that band-to-band inconsistencies remain in high air-mass oco-2 retrievals due to a variety of issues that include known deficiencies in the spectroscopic data models. this proposal will continue the effort to resolve these problems primarily BY improving spectroscopic knowledge of molecular line shapes, line-mixing and collision-induced absorption for the o2 a-band, but also BY adding additional high precision co2 data, that is traceable to standards, to the data model. to achieve these goals, we simultaneously use data from three different types of spectrometers to retrieve the spectroscopic parameters with customized multi-spectral fitting software. this collaborative effort has the advantage of three existing laboratory data sources: i) fourier-transform spectra (fts) at different temperatures (140 - 296 k) and spectra at room temperature from II) cavity ringdown (crds) and III) photo acoustic (PAS) at high pressures. the crds and PAS data sets are 'background free' and provide the capability to extract non-resonant (continuum induced absorption or CIA) absorption from high density gases. thus, this is a focused effort to forge a common analytic solution that takes advantage of the most favorable aspects for each technique. the key objective is to obtain the best line positions, intensities, pressure-broadening coefficients (widths and pressure-induced shifts) and their temperature dependences that are internally consistent. this will be achieved using a multi-spectral fitting program to simultaneously retrieve all these parameters using the fts, crds and PAS data at the SAME time. the multispectrum fitting code also contains the necessary algorithms to generate the absorption coefficient (absco) tables for use in the oco-2 algorithm, such that identical physics code and assumptions are used in both processes. the labfit program CAN fit a variety of lineshape function including the hartman-tran profile that has recently become the basis for the hitran database. much of the efforts of this team have been incorporated (and may continue to be incorporated) into the hitran database for use BY the scientific community."
2023,MD,MD-07,"Johns Hopkins University, The",80NSSC18K0976,Modification P00004,NSSC - NASA Shared Services Center,"BALTIMORE, MD (District 07)",10/11/2022,05/31/2022,"Grant, Grant For Research","Educational - Corporate Entity Tax Exempt, Educational Institution, Nonprofit Organization, Private University Or College","$-1,797","$-1,797",[None Indicated],,,,"Interannual variability (iav) is a key component of the global carbon cycle. satellite observations from oco-2 provide exciting new insight into terrestrial and marine co2 budgets AS well AS iav. its potential is two-fold. FIRST, it and the gosat satellite observe co2 broadly across the GLOBE, including regions with in situ observations. second, these satellites observe SIF, and SIF could be a powerful proxy for iav. we will estimate multiple years of global terrestrial and marine co2 fluxes using oco-2 and gosat observations paired with a geostatistical inverse model (gim). we will also robustly diagnose and quantify the effects of model and measurement/retrieval errors using multiple atmospheric transport models and multiple types of satellite and in situ observations. the proposed research will further provide a novel link between top-down, satellite-based flux estimates and the environmental drivers like SIF that are INTEGRAL to bottom-up models and thus INTEGRAL to a process-based understanding of co2 fluxes we will use the gim to quantify the relationships between environmental driver data and co2 fluxes, and we will compare and contrast these relationships with those in state-of-the-art process-based flux models. this research will advance scientific knowledge of the global carbon cycle using emergent satellite observations with broad global coverage. the results will indicate the sensitivity of terrestrial and marine co2 fluxes to year-to-year variations in environmental conditions. furthermore, this work will facilitate a better understanding of the environmental drivers of co2 fluxes. it will thus help improve tbm estimates of co2 budgets and iav and will contribute to more confident future carbon cycle projections."
2023,MD,MD-03,Universities Space Research Association,80NSSC18K1307,Modification P00004,NSSC - NASA Shared Services Center,"COLUMBIA, MD (District 03)",06/27/2023,06/28/2022,"Grant, Grant For Research","Non-Profit Institutions - Corporate Entity Tax Exempt, Nonprofit Organization","$-2,109","$-2,109",[None Indicated],,,,"He oco missions' primary objectives are to make global observations of carbon dioxide (co2) in the atmosphere to improve our understanding of the various processes controlling atmospheric co2. exchanges between the atmosphere, terrestrial biosphere, and ocean remain essential controls that are dynamically responding to the human perturbation to the system. this proposal focuses on the anthropogenic input that drives the long-term growth of co2 and is the root cause of the large atmospheric perturbation. the ability of space-based observations to detect elevated co2 associated with urban regions has now been well established. the question of greatest scientific and societal relevance is linking these observations to quantification and attribution of anthropogenic emissions, and changes in anthropogenic emissions over time. major obstacles hindering widespread quantification of anthropogenic urban emissions center on limited observations, errors in transport representation, and the variable and often large role of the urban/exurban biosphere. this proposal targets these three key areas of uncertainty BY leveraging more oco-2 and oco-3 data (AS available), explicit assessment and improvement of transport via remote sensing observations of aerosols, and direct biosphere representation leveraging the SIF product from oco-2 and oco-3. BY advancing the science in this manner this proposal will lead to quantification of anthropogenic emissions in expanding domains (from the middle east to regions in mid-latitudes with significant vegetation), and the advance of techniques to quantify emissions in regions of the GLOBE where surface observations are not feasible. this capability will be key in our understanding of the rapidly evolving global carbon cycle AS well AS tracking anthropogenic emissions."
2023,CO,CO-02,Colorado State University,80NSSC18K1312,Modification P00005,NSSC - NASA Shared Services Center,"FORT COLLINS, CO (District 02)",09/06/2023,07/01/2023,"Grant, Grant For Research","Educational - 1862 Land Grant College, Educational Institution, State Controlled Institution of Higher Learning, State Government, US Government Entity, Veterinary College",$-36,$-36,[None Indicated],,,,17-ocoo2-17-0021 moving towards mechanistic interpretation BY adding a SOLAR induced fluorescence constraint to atmospheric inversions of oco-2 xco2
2023,MD,MD-03,Universities Space Research Association,80NSSC18K1313,Modification P00004,NSSC - NASA Shared Services Center,"COLUMBIA, MD (District 03)",03/31/2023,07/31/2022,"Grant, Grant For Research","Non-Profit Institutions - Corporate Entity Tax Exempt, Nonprofit Organization",$-53,$-53,[None Indicated],,,,"The oco-3 instrument, scheduled for deployment to the International Space Station (ISS), will continue the legacy of the oco-2 mission while further advancing the capability of urban emission observation. a GREAT advantage over the oco-2 lies in the observing strategy of oco-3, focusing on co2 plumes over cities (100 targets PER day) using its map mode observation capability. from previous support, the proposal team have found that the oco-2, unlike japanese Greenhouse Gas observing satellite (gosat), kept missing major cities due to the lack of the pointing observation capability and only provided very few scenes where clear urban plumes and/ or co2 concentration enhancements were captured. also, the oco-2 swath (~8 km) is often too narrow to capture co2 plumes whose spatial and temporal structures are highly variable and CAN depend on a complex mix of emission patterns and local meteorological conditions. with the map-mode observations, the oco-3 should provide significantly more urban soundings and allow us to improve quantification of urban co2 emissions from global cities. the variability of oco-3 footprint scale co2 observations will be the key information used to constrain emissions. to fully utilize these fine scale spatial co2 gradients from the spatially-dense map-mode retrievals, the retrieval team will likely need to implement the retrieval evaluation in a different way than has been done for oco-2. the retrieval over urban areas are often challenging due to the presence of optically thick clouds and aerosols, which restrict viewing, and topography that is unique to each city and region. co2 fields from atmospheric transport models have been a valuable tool for evaluating the oco-2 retrievals and identifying large scale biases. those models used are however typically running at several tends to hundreds of km horizontal resolutions and are not able to resolve the fine scale urban co2 variabilities at the oco-2/3 footprint scale in terms of meteorology or surface emissions. this work proposes the use of high-resolution simulations AS an evaluation tool for the oco-3 data to ensure the realism of urbanscale spatial gradients. leveraging the locally calibrated wrf and high-resolution global simulations from NASA's geos model, we will support efforts of the retrieval team to quantify biases and errors in a more advanced way, supporting use of the level 2 retrieval code with high-resolution urban scale simulations of co2, cloud, and aerosol fields. to efficiently use the limited observation resource, this work also studies the optimal observation strategy BY optimizing the geometry of the oco-3 observations for focused cities using a state-of-the-art high-resolution urban inversion system. finally, we will prototype a global urban emission inversion leveraging ongoing NASA's high-resolution simulation capabilities and oco-3 data. this proposal is directly responsive to the call BY proposing work that performs an analysis of oco-2 and oco-3 data sets for understanding discrete sources of co2 emission, particularly focusing on the oco-3 capability. through the model-based evaluation, this work will ensure consistent data quality and better scientific interpretations of the level 2 data product between the two missions BY assessing retrieval biases, errors and covariance in the two products relative to key variables such AS observational geometries, clouds and aerosols. this work also perform new research and innovative analyses using data from oco-2 and 3, combined with other sensors (suomi-npp/VIIRS and CALIPSO) to advance the science goals of oco-2 and 3 in order to significantly advance our understanding of anthropogenic emissions which is a key component in the carbon cycle."
2023,UT,UT-01,"University Of Utah, The",80NSSC20K0010,Modification P00003,NSSC - NASA Shared Services Center,"SALT LAKE CITY, UT (District 01)",03/01/2023,02/28/2024,"Grant, Grant For Research","Educational - Educational Institution, State Controlled Institution of Higher Learning, State Government, US Government Entity",$0,$0,[None Indicated],,,,"Despite the need to understand terrestrial biospheric carbon fluxes to account for carbon cycle feedbacks and predict future co2 concentrations, knowledge of these fluxes at the regional scale remains poor. this is particularly true in mountainous areas, where complex meteorology and relative lack of observations lead to significant uncertainties in carbon fluxes. yet mountainous regions are also where significant forest cover and biomass are found i.e., areas that have the potential to serve AS terrestrial carbon sinks. we propose to build upon the foundation that our team has laid in developing and testing a prototype of the complex terrain carbon monitoring system (aka  cms-mountains ) over the western u.s., where we have constructed:   physiological datasets and knowledge on the controls on leaf-level to stand-level SOLAR-induced fluorescence (SIF), and their relationships to gross primary productivity (gpp)   community land model (clm) configured for the western u.s. at high spatial resolution, with the ability to assimilate SIF observations and simulate physically consistent biomass quantities   an advanced assimilation system using the ncar data assimilation research testbed (DART), with clm at its core we propose to further refine cms-mountains and deliver products to key stakeholders BY addressing these objectives: objective #1: extract fine-scale information regarding gpp in complex terrain using high resolution SIF and modis reflectance data, combined with flux tower data. objective #2: use fine-scale SIF to improve photosynthetic phenology within clm. objective #3: assimilate fine-scale SIF and other satellite data within clm to produce regional carbon stock and flux estimates over the western u.s. objective #4: construct forest health early warning capabilities to engage and support stakeholders. while the project will focus on the western u.s., with special attention to california s sierra nevada region and the colorado rockies region, the developed framework will be of general applicability. in fact, we anticipate the complex terrain cms that will emerge from this work to ultimately be applied to other regions of complex terrain around the world, driven BY remote sensing data in the absence of in-situ measurements. project approaches:   satellite remote sensing: SOLAR-induced fluorescence (SIF) from gome-2, tropomi, and oco-2/-3 will be used to constrain clm. we will also investigate the use of new products from ECOSTRESS to constrain land surface temperature (and thereby evapotranspiration and gpp).   field data analysis: in 2017, we installed and continue to run a tower-based custom spectrometer at the niwot ridge ameriflux core flux tower in colorado. seven flux towers in the sierra nevada mountains of california are also currently running (run BY southern sierra critical zone observatory and the national ecological observatory network). we will continue using flux tower data from colorado and california to probe the mechanistic linkage between SIF and gpp.   biospheric modeling: building upon our team s previous prototype cms and DOE projects, in which the community land model (clm) was applied to the western u.s., we will adopt the latest clm release (clm 5) AS the main modeling platform and leverage field data observations to improve the mechanistic representation of SIF.   data assimilation: we will continue using ncar s data assimilation research testbed (DART), a state-of-the-science ensemble kalman filter data assimilation system widely adopted BY the earth system science community. DART will be extended to enable nonlinear data assimilation methods."
2023,CO,CO-02,"Regents Of The University Of Colorado, The",80NSSC21K1063,Modification P00002,NSSC - NASA Shared Services Center,"BOULDER, CO (District 02)",08/24/2023,07/12/2024,"Grant, Grant For Research","Educational - Educational Institution, State Controlled Institution of Higher Learning, State Government, US Government Entity","$172,987",$0,[None Indicated],,,,Mitigation of 3d cloud radiative effects in oco-2 and oco-3 xco2 retrievals
2023,CA,CA-28,California Institute Of Technology,80NSSC21K1075,Modification P00002,NSSC - NASA Shared Services Center,"PASADENA, CA (District 28)",07/05/2023,06/30/2024,"Grant, Grant For Research","Educational - Corporate Entity Tax Exempt, Educational Institution, Nonprofit Organization, Private University Or College","$205,154",$0,[None Indicated],,,,An integrated top-down and bottom-up view from oco-2/3: jointly utilizing SIF and atmospheric co2 to advance ourknowledge of the carbon cycle
2024,AZ,AZ-07,University Of Arizona,80NSSC19K0947,Modification P00007,NSSC - NASA Shared Services Center,"TUCSON, AZ (District 07)",10/03/2023,10/03/2023,"Grant, Grant For Research","Educational - 1862 Land Grant College, Educational Institution, State Controlled Institution of Higher Learning, State Government, US Government Entity",$-35,$-35,[None Indicated],,,,"This proposal is in response to the NASA ROSES 2018 a.19 solicitation (nnh18zda001n-acmap). in particular, we propose to use remote sensing data products for atmospheric composition to demonstrate synergies between aq and GHG megacity-scale emissions monitoring. quantifying the anthropogenic sources of co2 and ch4 is imperative yet challenging. here, we propose a 3-year program of research to develop, implement, and improve a multi-species data analysis framework for enhancing GHG signatures from anthropogenic activities through the synergistic use of satellite-derived measurements of combustion-related trace gases (aq: co and no2, GHG: co2 and ch4) and global chemistry transport modeling, validated with ground-based and airborne measurements from NASA field campaigns and aq/GHG ground station network. the program that we propose is a direct extension of our past and current NASA acmap research activities which mainly focus on proof-of-concept studies on the synergies of aq and GHG emission estimation. for this proposed work, we are moving past these proof-of-concepts to quantifying these synergies. we intend to explore integrated data and modeling analysis approaches in using current NASA observational capabilities, traditionally used BY air quality (aq) community, in augmenting current observational programs on co2 and ch4 emissions monitoring. FIRST, we will conduct an evaluation of modeled abundance of co, no2, co2, and ch4 from ncar/cam-chem full chemistry ensemble of simulations using posterior flux estimates from leading inverse modeling/data assimilation groups (carbon tracker and cams for co2 and ch4, jamstec reanalysis for co and no2). we will use satellite retrievals from oco-2 (co2), gosat (co2 and ch4), mopitt (co), omi (no2), tropomi (no2, co, ch4), and iasi (co, co2, ch4), aircraft measurements from NASA korus-aq (co, no2, co2, ch4), discover-aq (co, no2, co2, ch4), ACT-america (co, co2, ch4), and atom (co, no2, co2, ch4), AS well AS ground profile measurements from NOAA wdcgg station network (co, co2, ch4), column measurements from tccon (co, co2, ch4) and surface aq measurements (co, no2) from ground networks like usepa. second, we will tag in cam-chem the anthropogenic emissions of co, co2 and ch4 from top megacities of the world across the recent decade (2005-2018) in order to track combustion related plumes and evaluate associated chemical ratios of these species. third, we will conduct an ensemble of joint bayesian synthesis inversions (co, co2, and/or ch4) for these megacities across the study period using satellite retrievals. the main rationale behind this project is anchored upon the utility of no2 data to identify combustion activity (for co2) and co to track corresponding plumes and to provide information on combustion efficiency (dco/dco2). these combustion-related aq (co and no2) and GHG (ch4) gases are strongly coupled chemically via oh (i.e., co is a sink of oh while no2 is a source of oh within the tropospheric o3 chemistry). this project will demonstrate how these types of information CAN be translated to improving predictive capability of anthropogenic co2 and ch4 distribution, AS well AS to improving emission monitoring at megacity and decadal scale, given that these species are either co-emitted during combustion (constraints on co2 sources), or coupled (constraints on ch4 sinks). this project presents a unique opportunity to leverage on the strengths of NASA observational capabilities towards addressing a critical gap (yet an emerging concern) in quantifying changes in climate-and-aq-relevant anthropogenic co2 and ch4 AS well AS providing insights to future integrated/constellation of satellite missions for atmospheric composition."
2024,MD,MD-07,"Johns Hopkins University, The",80NSSC21K1073,Modification P00003,NSSC - NASA Shared Services Center,"BALTIMORE, MD (District 07)",09/18/2024,09/30/2025,"Grant, Grant For Research","Educational - Corporate Entity Tax Exempt, Educational Institution, Nonprofit Organization, Private University Or College",$0,$0,[None Indicated],,,,We propose to use observations from oco-2 and oco-3 to evaluate regional perturbations to the carbon cycle due to anomalies in climate
2024,AZ,AZ-02,Northern Arizona University,80NSSC21K1074,Modification P00003,NSSC - NASA Shared Services Center,"FLAGSTAFF, AZ (District 02)",08/26/2024,09/30/2025,"Grant, Grant For Research","Educational - Educational Institution, School Of Forestry, State Controlled Institution of Higher Learning, State Government, US Government Entity",$0,$0,[None Indicated],,,,"We propose to use observations from oco-2 and oco-3 to evaluate regional perturbations to the carbon cycle due to anomalies in climate (e.g., hot, cold, wet, dry). we will analyze the environmental factors that DRIVE those regional changes and the extent to which SOLAR-induced fluorescence (SIF) and NEAR.infrared reflectance of vegetation (nirv) CAN predict the carbon cycle response. we will also evaluate differences among estimates of the carbon cycle response within an ensemble of state-of-the-art terrestrial biosphere models (tbms) and diagnose what environmental factors are likely driving differences among these models. even small variability in environmental or meteorological conditions CAN yield large regional perturbations in co2 fluxes. these flux perturbations provide important CASE studies to understand key controls on the current carbon cycle and are a prerequisite to understand future carbon-climate feedbacks. existing tbms, however, yield very different responses to climate anomalies and differ BY over a factor of five in their response to drought, heat, cold spells, and extreme wet conditions. we hypothesize that droughts in tropical dryland ecosystems yield perturbations to co2 fluxes that are larger than from any other climate anomaly. with that said, we hypothesize that most tbms overestimate the direct carbon cycle response to anomalous climate events but underestimate the carbon cycle recovery time (i.e., legacy effects) and that many tbms produce the right response to these events for the  wrong  reasons. we specifically propose to estimate co2 fluxes using geostatistical inverse modeling. this approach is unique in that we CAN directly assimilate datasets like temperature and precipitation in the inverse model and therefore create an explicit link with key carbon cycle processes. we CAN thus directly compare environmental relationships inferred from oco-2 and oco-3 to those in an ensemble of tbms, providing a pathway to improve process-based formulations within co2 flux models. AS PART of this evaluation of environmental relationships, we will also leverage observations from numerous NASA instruments, including ECOSTRESS and SMAP, to diagnose discrepancies among tbms and improve their future development. the proposed work responds to three specific tasks outlined in the solicitation: the use of flux inversions to advance understanding of the carbon cycle, innovative analysis using oco-2 and oco-3 combined with other satellite-based sensors, and studies that use SIF in combination with level 2 co2 observations from oco-2/oco-3."
2024,CO,CO-02,Colorado State University,80NSSC21K1078,Modification P00003,NSSC - NASA Shared Services Center,"FORT COLLINS, CO (District 02)",09/09/2024,09/30/2025,"Grant, Grant For Research","Educational - 1862 Land Grant College, Educational Institution, State Controlled Institution of Higher Learning, State Government, US Government Entity, Veterinary College",$0,$0,[None Indicated],,,,This proposal seeks to reduce biases in satellite-based retrievals of xco2 from the oco instruments that are readily apparent in oco-2 target observations AS well AS oco-3 s snapshot area mapping (SAM) mode...
2024,CO,CO-02,Colorado State University,80NSSC21K1080,Modification P00003,NSSC - NASA Shared Services Center,"FORT COLLINS, CO (District 02)",07/05/2024,06/30/2025,"Grant, Grant For Research","Educational - 1862 Land Grant College, Educational Institution, State Controlled Institution of Higher Learning, State Government, US Government Entity, Veterinary College",$0,$0,[None Indicated],,,,"Reconciling gosat, oco-2, and oco-3 data to estimate robust annual mean co2 fluxes"
2024,CA,CA-28,California Institute Of Technology,80NSSC21K1331,Modification P00003,NSSC - NASA Shared Services Center,"PASADENA, CA (District 28)",09/13/2024,09/30/2025,"Grant, Grant For Research","Educational - Corporate Entity Tax Exempt, Educational Institution, Nonprofit Organization, Private University Or College",$0,$0,[None Indicated],,,,"Proper interpretation of spectral observations from the orbiting carbon observatory (oco) instruments requires state-of-the-art knowledge of the carbon dioxide and oxygen absorption coefficients, AS well AS absorption coefficients of interferant species. ongoing efforts have pushed the limits of fourier transform spectroscopy (fts), photo-acoustic spectroscopy (PAS) and cavity ringdown spectroscopy (crds) that have provided data for the development of absorption coefficient tables used BY the oco level 2 algorithm. this proposal INCLUDES support for laboratory efforts, AS well AS the development team that shepherds the analytical model from the laboratory interface all the way to the level 2 algorithm input. new laboratory capabilities now exist for 1) crds temperature-dependent, moderate pressure, long-pathlength measurements 2) fts short-path very high-pressure measurements 3) PAS short-path high-pressure high precision measurements. these are then combined with the traditional fts temperature dependent measurements at moderate pathlength AS well AS room-temperature crds measurements, and together form up a robust capability for measurements that encompass the DYNAMIC range of atmospheric conditions. despite progress on all fronts, further improvements are required for co2 at 2.1 microns and o2 at 0.76 microns to achieve the desired precisions of 0.25% and 0.1%, respectively. much of the progress has come through the concerted development of comprehensive multi-spectral analysis tools such AS  labfit , which force consistency on differing experimental data-sets at the SAME level of their respective precisions. the key objective is to obtain the best line positions, intensities, pressure-broadening coefficients (widths and pressure-induced shifts) and their temperature dependences that are internally consistent. experiments at NIST will involve: 1) new high-pressure (1-10 atm) variable-temperature (220-290 k) crds measurements of line mixing and CIA in the o2 a-band, 2) crds of sco2 and wco2 bands to provide accurate intensities linked to si-traceable primary gas standards and line shapes and positions anchored to a csclock and 3) accurate crds measurements of h2o intensities in the sco2 (2.1 microns) region. NIST will also leverage their new multispectrum analysis tool for spectroscopy (mats)- a modular python-based platform which INCLUDES beyond-voigt line profiles and which CAN readily accommodate models for line mixing and CIA. to this end, NIST will collaborate with the atmospheric remote sensing community (i.e. tccon) BY generating and testing advanced line lists and forward models required in xco2 retrievals. a new experimental effort for this period will incorporate laser spectroscopy in the SAME optics AS the JPL fts, allowing for separate DYNAMIC ranges (i.e. SNR vs. spectral range), to be tested to address potential systematic errors within the SAME apparatus. these data will all be combined using a multi-spectral fitting program to simultaneously retrieve all these parameters using the fts, crds and PAS data at the SAME time. the multispectrum fitting code also contains the necessary algorithms to generate the absorption coefficient (absco) tables for use in the oco-2 algorithm, such that identical physics code and assumptions are used in both processes. much of the efforts of this team have been incorporated (and may continue to be incorporated) into the hitran database for use BY the scientific community and the absorption coefficient tables are described in versioning publications and available to the public on request."
2024,MA,MA-07,Trustees Of Boston University,80NSSC22K0161,Modification P00003,NSSC - NASA Shared Services Center,"BOSTON, MA (District 07)",08/06/2024,10/21/2025,"Grant, Grant For Research","Educational - Corporate Entity Tax Exempt, Educational Institution, Nonprofit Organization, Private University Or College",$0,$0,[None Indicated],,,,"20-ocost20-0009, application of continuous ground-based remote sensing to analysis of oco-2/3 xco2 and SIF data in mosaic landscapes"
2025,CO,CO-02,"Regents Of The University Of Colorado, The",80NSSC19M0105,Modification P00008,NSSC - NASA Shared Services Center,"BOULDER, CO (District 02)",03/17/2025,03/31/2024, Cooperative Agreement,"Educational - Educational Institution, State Controlled Institution of Higher Learning, State Government, US Government Entity",$-7,$-7,[None Indicated],,,,"Long-term atmospheric measurements have revealed a 50% increase in the amplitude of the co2 seasonal cycle in northern high latitudes since the 1960s. this increase is much larger than the increase of the co2 seasonal amplitude in lower latitudes. the cause for such a dramatic change has been a huge puzzle for the science community. a number of studies have presented contrasting views on potential causes for this increase, including an earlier onset of vegetation growth and enhanced respiration related to climate warming in northern high latitudes, AS well AS an influence associated with increased agriculture production in mid-latitudes. to quantify the contribution of various processes that might be responsible for this dramatic change in northern high latitudes, we will leverage various new data products from the NASA s arctic-boreal vulnerability experiment (above), new satellites (oco-2, SMAP, tropomi), and recent advances in high resolution regional modeling techniques. FIRST, we will develop a high-resolution regional inverse modeling system, carbontracker-above that builds upon the NASA/ cms funded carbontracker-lagrange effort. carbontracker-above will integrate a variety of trace gas measurements (airborne in situ, airborne and satellite remote sensing, and ground-based in situ measurements) and satellite-based geospatial land products (e.g., SOLAR induced fluorescence (SIF), soil moisture, and vegetation indices) to derive surface fluxes at a 0.1o resolution for 2015   2019 with well quantified errors. unlike the traditional bayesian inverse modeling approach, we will maximize observational information obtained from satellites BY conducting geostatistical inversions that will not only be constrained BY co2 and carbonyl sulfide (cos) observations, but also be informed BY satellite land remote sensing products. the selected satellite land products, along with in situ and remote sensing atmospheric trace gas observations, will be used to inform inversions of co2 and cos, which will provide separate estimates of NET ecosystem exchange (nee) and gross primary production (gpp) over the above domain for 2015   2019. second, we will extrapolate measurement-constrained nee and gpp from the above domain to the pan-arctic for the last two decades using the high-resolution satellite-data-driven polar vegetation photosynthesis and respiration model (polar-vprm). the current polar-vprm was only calibrated BY fluxes measured from 4 eddy covariance towers. we will use our nee and gpp fluxes that are informed BY a comprehensive set of atmospheric trace gas observations and satellite remote sensing land products to separately tune parameterizations of gpp and respiration in the polar-vprm. the improved polar-vprm will be used to derive gpp and respiration over the arctic for the last two decades informed BY the long-term satellite records of EVI and SIF. third, we will integrate gpp and respiration fluxes estimated for the pan-arctic and available mid-latitude flux products into the global transport model carbontracker to separately investigate the impact of gpp, respiration, and transport on the trend of co2 seasonal amplitude in northern high latitudes over the last two decades. the proposed analyses will elucidate past changes of carbon fluxes from regional- (the above domain), to continental- (the pan- arctic), and then to hemispheric scales and further quantify contributions of various processes on a range of scales to a dramatic change observed in the atmosphere in northern high latitudes. our results will further provide insights into possible future changes of NET carbon fluxes in the arctic-boreal terrestrial ecosystems in response to climate change."
2025,CO,CO-02,"Regents Of The University Of Colorado, The",80NSSC18K0898,Modification P00008,NSSC - NASA Shared Services Center,"BOULDER, CO (District 02)",04/30/2025,05/06/2024,"Grant, Grant For Research","Educational - Educational Institution, State Controlled Institution of Higher Learning, State Government, US Government Entity",$-14,$-14,[None Indicated],,,,"We will utilize aircore and aircraft measurements that are directly traceable to world meteorological organization (wmo) standards to improve: (i) the bias corrections of raw xco2 data via scaling of auxiliary variables (II) linkage of xco2 data to the wmo standards and (III) flux estimates from the inversion models of oco-2 total column co2 (xco2) retrievals. this proposal builds on the several years of aircore sampling system developments and data that have played a significant role in scaling tccon sites to wmo standards, and hence, oco-2 retrieval compatibility with in situ measurements. the proposed study has two primary activities:1) aircore flights and calibration of oco-2: we propose more than 45 days of aircore flights over a 3-year period that will capture co2, ch4 and co profiles from the surface to &gt;25 km (&gt;95% of the atmospheric column). the majority of the flights will be in colorado, with NEAR-monthly launches, and will be co-located with a portable bruker em27sun spectrometer. the em27sun has been shown to give comparable precision and repeatability to the tccon spectrometers that are used AS the primary source of calibration for oco-2 xco2 retrievals. in addition to the boulder flights we will conduct two 5-day campaigns in sodankyla, finland two 10-day campaigns in darwin, australia and a 5-day campaign at each of the tccon network sites in park falls, wi lamont, ok and edwards air force base in california. these campaigns will establish intra-tccon compatibility and improve the accuracy of the scaling factor that links tccon measurements to the wmo scale. the resulting wmo-traceable xco2 from the tccon or bruker em27sun spectrometer will ACT AS a ""transfer standard"" for oco-2 xco2 measurements. the flights from darwin, australia, planned for august 2018 and january of 2020 will be the FIRST aircore flights that sample the tropical stratosphere. 2) vertical profile data/model comparison: the second priority of this proposal will be to leverage a large array of aircraft data in addition aircore data collected BY NOAA and other collaborators for comparison to the inversion models used to estimate fluxes from oco-2 retrievals. this analysis will assess how well the inverse models, which are ingesting ground-based in situ and oco-2 data, represent vertical and horizontal gradients from regional to global scales. preliminary comparisons with aircore show that most models underestimate the co2 gradients in the lower stratosphere, signifying the potential for a bias in the flux estimates and misinterpretation of oco-2 retrievals. similar model biases exist in the simulated interhemispheric gradient. BY making TRACERS such AS sf6 available to modelers it will be possible independently diagnose the accuracy of the transport fields in each model to better understand the source of the interhemispheric gradient bias. the proposed study addresses the oco-2 science team solicitation with continued validation of the level 2 oco-2 retrievals from aircore, providing the best possible way to directly compare the total column co2 retrievals with in situ measurements. BY also utilizing high-quality aircraft data, the NOAA/cu team will significantly EXPAND the impact of measurements that are directly traceable to the wmo standard scale and surface-based in situ measurements over a wide range of temporal and spatial scales. this SAME set of data CAN be used to directly address the solicitation's stated need to improve the flux estimates resulting from oco-2 xco2 retrievals BY providing evaluation metrics for the oco-2 modeling teams. a stringent set of quantitative benchmarks generated from model-data comparisons will enable the oco-2 inverse modeling groups to improve model fidelity, a prerequisite for accurate flux estimates."
2025,CO,CO-02,Colorado State University,80NSSC18K0909,Modification P00007,NSSC - NASA Shared Services Center,"FORT COLLINS, CO (District 02)",05/01/2025,05/08/2024,"Grant, Grant For Research","Educational - 1862 Land Grant College, Educational Institution, State Controlled Institution of Higher Learning, State Government, US Government Entity, Veterinary College",$-367,$-367,[None Indicated],,,,"17-oco2-17-0029, an intercomparison of global flux inversions of oco-2 and oco-3 co2 data for carbon cycle science and biascorrection"
2025,MD,MD-04,"University Of Maryland, College Park",80NSSC20K0818,Modification P00004,NSSC - NASA Shared Services Center,"COLLEGE PARK, MD (District 04)",05/07/2025,05/18/2024,"Grant, Grant For Research","Educational - 1862 Land Grant College, Educational Institution, State Controlled Institution of Higher Learning, State Government, US Government Entity",$-1,$-1,[None Indicated],,,,Reducing the impact of model transport error on flux estimates using co2 profile information from oco2 in concert with an online bias correction
2025,MA,MA-05,President And Fellows Of Harvard College,80NSSC21K1069,Modification P00004,NSSC - NASA Shared Services Center,"CAMBRIDGE, MA (District 05)",06/20/2025,06/18/2025,"Grant, Grant For Research","Educational - Corporate Entity Tax Exempt, Educational Institution, Nonprofit Organization, Private University Or College",$0,$0,[None Indicated],,,,"Termination for convenience agreement -20-ocost20-0009, application of continuous ground-based remote sensing to analysis of oco-2/3 xco2 and SIF data in mosaic landscapes -support for SMD earth science directorate"
2025,MA,MA-05,Smithsonian Institution,80NSSC23K1596,Modification P00003,NSSC - NASA Shared Services Center,"CAMBRIDGE, MA (District 05)",08/20/2025,08/09/2026,"Grant, Grant For Research",Non-Profit Institutions - Nonprofit Organization,"$64,307",$0,[None Indicated],,,,"The goal of this project is to advance the development of the hitran (high-resolution transmission) molecular spectroscopic database compilation and associated software. the database is critical for the NASA observation missions that seek to characterize the atmosphere using remote sensing experiments, primarily from space. these missions consist of the suite of former and current NASA experiments, including instruments on aura (hirdls, mls, tes, and omi) AS well AS AIRS, mopitt, SAGE III, oco-2 and oco-3, aqua, terra, EMIT, ECOSTRESS and future approved or proposed NASA missions including TEMPO, libera, CLARREO, GEO-cape, gacm, PACE. this project also benefits from a close relationship with non-NASA and foreign missions, including ACE, tropomi, gosat (1 and 2), iasi, toms, sbuv, jem/smiles, gems, gome on ers-2, sciamachy and gomos flying on envisat, smr on odin, cris instrument flying on suomi npp, NOAA-20 and noaa21 AS well AS future non-NASA missions, including merlin, iasi-NG, carbonsat, methanesat and microcarb. NASA airborne science program, AS well AS, the ground-based tccon and ndacc networks, also rely on the quality of the reference spectroscopic data. it is FAIR to say that every NASA-funded mission equipped with spectrometers of any resolution use hitran data in the analyses of their retrievals. the priority of the program is to improve the spectroscopic parameters of molecular transitions that affect the Modeling and Simulation of atmospheric radiance and transmission retrievals. particular goals include improved accuracy of all spectroscopic parameters, global consistency of line intensities, improved line-shape parameters (and the means BY which they are represented), the addition of missing molecular bands and trace gas species, representation of phenomena that are impacting the retrievals, including collision-induced absorption (CIA) bands, advanced line-shape formalisms, line mixing, and water vapor continuum. realistic uncertainty estimates, along with the links to the original data sources, will also be provided. the tools for disseminating and working with the data, including the online interface and hitran Application Programming Interface (hapi) will also be improved and enhanced. user support, advanced documentation, and tutorials, AS well AS an improved interface for NASA projects, are thus INTEGRAL aspects of the hitran project. in summary, the database will develop following the pact (practical, accurate, complete, and traceable) approach."
2025,MA,MA-05,Atmospheric & Environmental Research Inc,80NSSC24K0753,Modification P00001,NSSC - NASA Shared Services Center,"LEXINGTON, MA (District 05)",04/11/2025,02/28/2027,"Grant, Grant For Research","Other Than Small Business - Corporate Entity Not Tax Exempt, For Profit Organization","$147,591",$0,[None Indicated],,,,23-ocost23-0024 - using oco-2 and oco-3 carbon dioxide and SOLAR-induced fluorescence observations to explore decadal trends in amazonian carbon balance.
2025,CO,CO-02,The Regents Of The University Of Colorado,80NSSC24K0754,Modification P00001,NSSC - NASA Shared Services Center,"BOULDER, CO (District 02)",07/06/2025,02/28/2027,"Grant, Grant For Research","Educational - Educational Institution, State Controlled Institution of Higher Learning, State Government, US Government Entity","$68,539",$0,[None Indicated],,,,"23-ocost23-0024, using oco-2 and oco-3 carbon dioxide and SOLAR-induced fluorescence observations to explore decadal trends in amazonian carbon balance"
2025,MI,MI-02,Central Michigan University,80NSSC24K0756,Modification P00001,NSSC - NASA Shared Services Center,"MOUNT PLEASANT, MI (District 02)",08/05/2025,02/28/2027,"Grant, Grant For Research","Educational - Educational Institution, State Controlled Institution of Higher Learning, State Government, US Government Entity","$21,705",$0,[None Indicated],,,,"23-ocost23-0029, assessing the broad-scale carbon sources and sinks implied BY oco-2 and oco-3 xco2 retrievals using an ensemble of atmospheric transport models with controlled experiments in forward and inverse mode"
2025,CO,CO-08,Colorado State University,80NSSC24K0762,Modification P00001,NSSC - NASA Shared Services Center,"FIRESTONE, CO (District 08)",08/19/2025,06/30/2027,"Grant, Grant For Research","Educational - 1862 Land Grant College, Educational Institution, State Controlled Institution of Higher Learning, State Government, US Government Entity, Veterinary College","$80,462",$0,[None Indicated],,,,"23-ocost23-0038, developing modern Machine Learning methods to retrieve xco2 with associated uncertainties from oco-2 and oco-3 SOLAR absorption spectra"
